sample_filename_pos	sample_id	source_id	old_sample_id	sample_type	organism_species	ipen	sample_prep_mode	WGS84x	WGS84y	id	quality_grade	time_observed_at	taxon_geoprivacy	annotations	uuid	cached_votes_total	identifications_most_agree	species_guess	identifications_most_disagree	tags	positional_accuracy	comments_count	site_id	license_code	quality_metrics	public_positional_accuracy	reviewed_by	oauth_application_id	flags	created_at	description	project_ids_with_curator_id	updated_at	sounds	place_ids	captive	ident_taxon_ids	outlinks	faves_count	ofvs	num_identification_agreements	comments	map_scale	uri	project_ids	community_taxon_id	owners_identification_from_vision	identifications_count	obscured	num_identification_disagreements	geoprivacy	location	votes	spam	mappable	identifications_some_agree	project_ids_without_curator_id	place_guess	identifications	project_observations	photos	faves	non_owner_ids	observed_on	photo_url	taxon.is_active	taxon.ancestry	taxon.min_species_ancestry	taxon.endemic	taxon.iconic_taxon_id	taxon.min_species_taxon_id	taxon.threatened	taxon.rank_level	taxon.introduced	taxon.native	taxon.parent_id	taxon.name	taxon.rank	taxon.extinct	taxon.id	taxon.ancestor_ids	taxon.photos_locked	taxon.taxon_schemes_count	taxon.wikipedia_url	taxon.current_synonymous_taxon_ids	taxon.created_at	taxon.taxon_changes_count	taxon.complete_species_count	taxon.universal_search_rank	taxon.observations_count	taxon.flag_counts.resolved	taxon.flag_counts.unresolved	taxon.atlas_id	taxon.default_photo.id	taxon.default_photo.license_code	taxon.default_photo.attribution	taxon.default_photo.url	taxon.default_photo.original_dimensions.height	taxon.default_photo.original_dimensions.width	taxon.default_photo.flags	taxon.default_photo.square_url	taxon.default_photo.medium_url	taxon.iconic_taxon_name	taxon.preferred_common_name	preferences.prefers_community_taxon	geojson.coordinates	geojson.type	user.site_id	user.created_at	user.id	user.login	user.spam	user.suspended	user.login_autocomplete	user.login_exact	user.name	user.name_autocomplete	user.orcid	user.icon	user.observations_count	user.identifications_count	user.journal_posts_count	user.activity_count	user.species_count	user.universal_search_rank	user.roles	user.icon_url	taxon.default_photo	taxon.conservation_status.place_id	taxon.conservation_status.source_id	taxon.conservation_status.user_id	taxon.conservation_status.authority	taxon.conservation_status.status	taxon.conservation_status.status_name	taxon.conservation_status.geoprivacy	taxon.conservation_status.iucn	observed_on_details	created_time_zone	observed_time_zone	time_zone_offset	observed_on_string	created_at_details.date	created_at_details.week	created_at_details.month	created_at_details.hour	created_at_details.year	created_at_details.day	swiped_loc	emi_external_id
20220513_PMA_DBGI_01_04_004.mzML	dbgi_000065_01_01	dbgi_000065	DBGI_01_04_004	sample	Alpinia officinarum	XX 0 FRIBG 20040092	liquid_nitrogen	7.155873104	46.79270552	112079170	casual	2022-04-19T14:45:00+02:00		[]	eeac153f-f4a6-4929-80b9-fc6d28eb37fb	0	False	Alpinia officinarum	False	[]		0	1	cc-by-nc	[{'user_id': 5367650, 'metric': 'wild', 'id': 9076482, 'agree': False, 'user': {'id': 5367650, 'login': 'edouardbruelhart', 'spam': False, 'suspended': False, 'created_at': '2022-02-17T16:00:15+00:00', 'login_autocomplete': 'edouardbruelhart', 'login_exact': 'edouardbruelhart', 'name': None, 'name_autocomplete': None, 'orcid': None, 'icon': None, 'observations_count': 357, 'identifications_count': 0, 'journal_posts_count': 0, 'activity_count': 357, 'species_count': 295, 'universal_search_rank': 357, 'roles': [], 'site_id': 1, 'icon_url': None}}]		[5367650]		[]	2022-04-19 22:09:32+02:00		[]	2022-11-11 10:28:08+01:00	[]	[7236, 12684, 51962, 59614, 67952, 80627, 81490, 96372, 97391, 97931, 108692, 156646, 180732]	True	[48460, 47126, 211194, 47125, 47163, 48318, 52496, 1074960, 1074961, 123736, 785903]	[]	0	[{'field_id': 15466, 'datatype': 'text', 'user_id': 5367650, 'value_ci': 'dbgi_000065', 'name': 'emi_external_id', 'name_ci': 'emi_external_id', 'id': 20549427, 'uuid': '353f0fb2-5fba-42a4-819b-9b4ad799660d', 'value': 'dbgi_000065', 'user': {'id': 5367650, 'login': 'edouardbruelhart', 'spam': False, 'suspended': False, 'created_at': '2022-02-17T16:00:15+00:00', 'login_autocomplete': 'edouardbruelhart', 'login_exact': 'edouardbruelhart', 'name': None, 'name_autocomplete': None, 'orcid': None, 'icon': None, 'observations_count': 357, 'identifications_count': 0, 'journal_posts_count': 0, 'activity_count': 357, 'species_count': 295, 'universal_search_rank': 357, 'roles': [], 'site_id': 1, 'icon_url': None}}]	0	[]		https://www.inaturalist.org/observations/112079170	[]		False	0	False	0		[46.79270552, 7.155873104]	[]	False	True	False	[]	Fribourg, Suisse	[{'250795171': 785903}]	[]	[{'id': 189278574, 'license_code': 'cc-by-nc', 'original_dimensions': {'width': 1536, 'height': 2048}, 'url': 'https://inaturalist-open-data.s3.amazonaws.com/photos/189278574/square.jpg', 'attribution': '(c) edouardbruelhart, some rights reserved (CC BY-NC)', 'flags': []}, {'id': 189278615, 'license_code': 'cc-by-nc', 'original_dimensions': {'width': 1536, 'height': 2048}, 'url': 'https://inaturalist-open-data.s3.amazonaws.com/photos/189278615/square.jpg', 'attribution': '(c) edouardbruelhart, some rights reserved (CC BY-NC)', 'flags': []}, {'id': 189278649, 'license_code': 'cc-by-nc', 'original_dimensions': {'width': 1536, 'height': 2048}, 'url': 'https://inaturalist-open-data.s3.amazonaws.com/photos/189278649/square.jpg', 'attribution': '(c) edouardbruelhart, some rights reserved (CC BY-NC)', 'flags': []}, {'id': 189278679, 'license_code': 'cc-by-nc', 'original_dimensions': {'width': 1536, 'height': 2048}, 'url': 'https://inaturalist-open-data.s3.amazonaws.com/photos/189278679/square.jpg', 'attribution': '(c) edouardbruelhart, some rights reserved (CC BY-NC)', 'flags': []}]	[]	[]	2022-04-19 14:45:00+01:00	https://inaturalist-open-data.s3.amazonaws.com/photos/189278574/square.jpg	True	48460/47126/211194/47125/47163/48318/52496/1074960/1074961/123736	48460,47126,211194,47125,47163,48318,52496,1074960,1074961,123736,785903	False	47126	785903	False	10	False	False	123736	Alpinia officinarum	species	False	785903	[48460, 47126, 211194, 47125, 47163, 48318, 52496, 1074960, 1074961, 123736, 785903]	False	1			2018-10-14T18:23:30+00:00	0		36	36	0	0		37091047.0	cc-by-nc	(c) Mahesh A, some rights reserved (CC BY-NC), uploaded by Mahesh A	https://inaturalist-open-data.s3.amazonaws.com/photos/37091047/square.jpg	1891.0	1268.0	[]	https://inaturalist-open-data.s3.amazonaws.com/photos/37091047/square.jpg	https://inaturalist-open-data.s3.amazonaws.com/photos/37091047/medium.jpg	Plantae	Lesser Galangal		[7.155873104, 46.79270552]	Point	1.0	2022-02-17T16:00:15+00:00	5367650	edouardbruelhart	False	False	edouardbruelhart	edouardbruelhart					357	0	0	357	295	357	[]																						(7.155873104, 46.79270552)	dbgi_000065
20220513_PMA_DBGI_01_04_003.mzML	dbgi_000069_01_01	dbgi_000069	DBGI_01_04_003	sample	Alpinia galanga	XX 0 FRIBG 20080207	liquid_nitrogen	7.155902312	46.79265568	112939194	casual	2022-04-25T09:37:00+02:00		[]	98c77abd-62ec-40aa-abbe-be53b708890b	0	False	Alpinia galanga	False	[]		0	1	cc-by-nc	[{'user_id': 5367650, 'metric': 'wild', 'id': 9144505, 'agree': False, 'user': {'id': 5367650, 'login': 'edouardbruelhart', 'spam': False, 'suspended': False, 'created_at': '2022-02-17T16:00:15+00:00', 'login_autocomplete': 'edouardbruelhart', 'login_exact': 'edouardbruelhart', 'name': None, 'name_autocomplete': None, 'orcid': None, 'icon': None, 'observations_count': 357, 'identifications_count': 0, 'journal_posts_count': 0, 'activity_count': 357, 'species_count': 295, 'universal_search_rank': 357, 'roles': [], 'site_id': 1, 'icon_url': None}}]		[5367650]		[]	2022-04-26 09:11:21+02:00		[]	2022-11-11 11:05:36+01:00	[]	[7236, 12684, 51962, 59614, 67952, 80627, 81490, 96372, 97391, 97931, 108692, 156646, 180732]	True	[48460, 47126, 211194, 47125, 47163, 48318, 52496, 1074960, 1074961, 123736, 123732]	[]	0	[{'field_id': 15466, 'datatype': 'text', 'user_id': 5367650, 'value_ci': 'dbgi_000069', 'name': 'emi_external_id', 'name_ci': 'emi_external_id', 'id': 20549828, 'uuid': '7debd269-d01b-4942-967f-74c69935e6cb', 'value': 'dbgi_000069', 'user': {'id': 5367650, 'login': 'edouardbruelhart', 'spam': False, 'suspended': False, 'created_at': '2022-02-17T16:00:15+00:00', 'login_autocomplete': 'edouardbruelhart', 'login_exact': 'edouardbruelhart', 'name': None, 'name_autocomplete': None, 'orcid': None, 'icon': None, 'observations_count': 357, 'identifications_count': 0, 'journal_posts_count': 0, 'activity_count': 357, 'species_count': 295, 'universal_search_rank': 357, 'roles': [], 'site_id': 1, 'icon_url': None}}]	0	[]		https://www.inaturalist.org/observations/112939194	[]		False	0	False	0		[46.79265568, 7.155902312]	[]	False	True	False	[]	Fribourg, Suisse	[{'252591833': 123732}]	[]	[{'id': 190809270, 'license_code': 'cc-by-nc', 'original_dimensions': {'width': 1536, 'height': 2048}, 'url': 'https://inaturalist-open-data.s3.amazonaws.com/photos/190809270/square.jpg', 'attribution': '(c) edouardbruelhart, some rights reserved (CC BY-NC)', 'flags': []}, {'id': 190809279, 'license_code': 'cc-by-nc', 'original_dimensions': {'width': 1536, 'height': 2048}, 'url': 'https://inaturalist-open-data.s3.amazonaws.com/photos/190809279/square.jpg', 'attribution': '(c) edouardbruelhart, some rights reserved (CC BY-NC)', 'flags': []}, {'id': 190809289, 'license_code': 'cc-by-nc', 'original_dimensions': {'width': 1536, 'height': 2048}, 'url': 'https://inaturalist-open-data.s3.amazonaws.com/photos/190809289/square.jpg', 'attribution': '(c) edouardbruelhart, some rights reserved (CC BY-NC)', 'flags': []}, {'id': 190809296, 'license_code': 'cc-by-nc', 'original_dimensions': {'width': 1536, 'height': 2048}, 'url': 'https://inaturalist-open-data.s3.amazonaws.com/photos/190809296/square.jpg', 'attribution': '(c) edouardbruelhart, some rights reserved (CC BY-NC)', 'flags': []}]	[]	[]	2022-04-25 09:37:00+01:00	https://inaturalist-open-data.s3.amazonaws.com/photos/190809270/square.jpg	True	48460/47126/211194/47125/47163/48318/52496/1074960/1074961/123736	48460,47126,211194,47125,47163,48318,52496,1074960,1074961,123736,123732	False	47126	123732	False	10	False	False	123736	Alpinia galanga	species	False	123732	[48460, 47126, 211194, 47125, 47163, 48318, 52496, 1074960, 1074961, 123736, 123732]	False	1	http://en.wikipedia.org/wiki/Alpinia_galanga		2012-02-07T01:29:54+00:00	0		272	272	1	0		39772583.0	cc-by-nc	(c) Alan Kwok (King Lun), Ada Tai (Ah Heung), some rights reserved (CC BY-NC), uploaded by Alan Kwok (King Lun), Ada Tai (Ah Heung)	https://inaturalist-open-data.s3.amazonaws.com/photos/39772583/square.jpg	1008.0	1362.0	[]	https://inaturalist-open-data.s3.amazonaws.com/photos/39772583/square.jpg	https://inaturalist-open-data.s3.amazonaws.com/photos/39772583/medium.jpg	Plantae	Galangal		[7.155902312, 46.79265568]	Point	1.0	2022-02-17T16:00:15+00:00	5367650	edouardbruelhart	False	False	edouardbruelhart	edouardbruelhart					357	0	0	357	295	357	[]																						(7.155902312, 46.79265568)	dbgi_000069
20220513_PMA_DBGI_01_04_006.mzML	dbgi_000070_01_01	dbgi_000070	DBGI_01_04_006	sample	Annona cherimola	XX 0 FRIBG 20050458	liquid_nitrogen	7.155987572	46.79269384	112938920	casual	2022-04-25T11:58:00+02:00	open	[]	c8a8fbaf-0499-43dc-aacf-49a631bac16a	0	False	Annona cherimola	False	[]		0	1	cc-by-nc	[{'user_id': 5367650, 'metric': 'wild', 'id': 9144487, 'agree': False, 'user': {'id': 5367650, 'login': 'edouardbruelhart', 'spam': False, 'suspended': False, 'created_at': '2022-02-17T16:00:15+00:00', 'login_autocomplete': 'edouardbruelhart', 'login_exact': 'edouardbruelhart', 'name': None, 'name_autocomplete': None, 'orcid': None, 'icon': None, 'observations_count': 357, 'identifications_count': 0, 'journal_posts_count': 0, 'activity_count': 357, 'species_count': 295, 'universal_search_rank': 357, 'roles': [], 'site_id': 1, 'icon_url': None}}]		[5367650]		[]	2022-04-26 09:04:31+02:00		[]	2022-11-11 11:01:17+01:00	[]	[7236, 12684, 51962, 59614, 67952, 80627, 81490, 96372, 97391, 97931, 108692, 156646, 180732]	True	[48460, 47126, 211194, 47125, 47124, 50898, 50899, 69974, 126236]	[]	0	[{'field_id': 15466, 'datatype': 'text', 'user_id': 5367650, 'value_ci': 'dbgi_000070', 'name': 'emi_external_id', 'name_ci': 'emi_external_id', 'id': 20549735, 'uuid': '8981871d-e816-49be-91cb-0953d204d2c8', 'value': 'dbgi_000070', 'user': {'id': 5367650, 'login': 'edouardbruelhart', 'spam': False, 'suspended': False, 'created_at': '2022-02-17T16:00:15+00:00', 'login_autocomplete': 'edouardbruelhart', 'login_exact': 'edouardbruelhart', 'name': None, 'name_autocomplete': None, 'orcid': None, 'icon': None, 'observations_count': 357, 'identifications_count': 0, 'journal_posts_count': 0, 'activity_count': 357, 'species_count': 295, 'universal_search_rank': 357, 'roles': [], 'site_id': 1, 'icon_url': None}}]	0	[]		https://www.inaturalist.org/observations/112938920	[]		False	0	False	0		[46.79269384, 7.155987572]	[]	False	True	False	[]	Fribourg, Suisse	[{'252591033': 126236}]	[]	[{'id': 190597383, 'license_code': 'cc-by-nc', 'original_dimensions': {'width': 1536, 'height': 2048}, 'url': 'https://inaturalist-open-data.s3.amazonaws.com/photos/190597383/square.jpg', 'attribution': '(c) edouardbruelhart, some rights reserved (CC BY-NC)', 'flags': []}, {'id': 190597395, 'license_code': 'cc-by-nc', 'original_dimensions': {'width': 1536, 'height': 2048}, 'url': 'https://inaturalist-open-data.s3.amazonaws.com/photos/190597395/square.jpg', 'attribution': '(c) edouardbruelhart, some rights reserved (CC BY-NC)', 'flags': []}, {'id': 190597403, 'license_code': 'cc-by-nc', 'original_dimensions': {'width': 1536, 'height': 2048}, 'url': 'https://inaturalist-open-data.s3.amazonaws.com/photos/190597403/square.jpg', 'attribution': '(c) edouardbruelhart, some rights reserved (CC BY-NC)', 'flags': []}, {'id': 190597415, 'license_code': 'cc-by-nc', 'original_dimensions': {'width': 1536, 'height': 2048}, 'url': 'https://inaturalist-open-data.s3.amazonaws.com/photos/190597415/square.jpg', 'attribution': '(c) edouardbruelhart, some rights reserved (CC BY-NC)', 'flags': []}]	[]	[]	2022-04-25 11:58:00+01:00	https://inaturalist-open-data.s3.amazonaws.com/photos/190597383/square.jpg	True	48460/47126/211194/47125/47124/50898/50899/69974	48460,47126,211194,47125,47124,50898,50899,69974,126236	False	47126	126236	False	10	False	False	69974	Annona cherimola	species	False	126236	[48460, 47126, 211194, 47125, 47124, 50898, 50899, 69974, 126236]	False	4	http://en.wikipedia.org/wiki/Cherimoya		2012-03-21T05:38:42+00:00	1		986	986	0	0		9826005.0	cc-by-nc-sa	(c) frankenschulz, some rights reserved (CC BY-NC-SA)	https://inaturalist-open-data.s3.amazonaws.com/photos/9826005/square.jpg	1080.0	721.0	[]	https://inaturalist-open-data.s3.amazonaws.com/photos/9826005/square.jpg	https://inaturalist-open-data.s3.amazonaws.com/photos/9826005/medium.jpg	Plantae	Cherimoya		[7.155987572, 46.79269384]	Point	1.0	2022-02-17T16:00:15+00:00	5367650	edouardbruelhart	False	False	edouardbruelhart	edouardbruelhart					357	0	0	357	295	357	[]																						(7.155987572, 46.79269384)	dbgi_000070
20220513_PMA_DBGI_01_04_009.mzML	dbgi_000077_01_01	dbgi_000077	DBGI_01_04_009	sample	Bambusa vulgaris	XX 0 FRIBG 19660001	liquid_nitrogen	7.156000242	46.79268491	112938909	casual	2022-04-25T11:42:00+02:00		[]	b155e891-e8a3-4fc1-a5d6-8238703af299	0	False	Bambou Commun	False	[]		0	1	cc-by-nc	[{'user_id': 5367650, 'metric': 'wild', 'id': 9144482, 'agree': False, 'user': {'id': 5367650, 'login': 'edouardbruelhart', 'spam': False, 'suspended': False, 'created_at': '2022-02-17T16:00:15+00:00', 'login_autocomplete': 'edouardbruelhart', 'login_exact': 'edouardbruelhart', 'name': None, 'name_autocomplete': None, 'orcid': None, 'icon': None, 'observations_count': 357, 'identifications_count': 0, 'journal_posts_count': 0, 'activity_count': 357, 'species_count': 295, 'universal_search_rank': 357, 'roles': [], 'site_id': 1, 'icon_url': None}}]		[5367650]		[]	2022-04-26 09:04:29+02:00		[]	2022-11-11 10:59:15+01:00	[]	[7236, 12684, 51962, 59614, 67952, 80627, 81490, 96372, 97391, 97931, 108692, 156646, 180732]	True	[48460, 47126, 211194, 47125, 47163, 47162, 47434, 201656, 132112, 1136658, 68667, 122530]	[]	0	[{'field_id': 15466, 'datatype': 'text', 'user_id': 5367650, 'value_ci': 'dbgi_000077', 'name': 'emi_external_id', 'name_ci': 'emi_external_id', 'id': 20549717, 'uuid': 'cc65fff9-37da-43c3-b620-fdd0596c97d0', 'value': 'dbgi_000077', 'user': {'id': 5367650, 'login': 'edouardbruelhart', 'spam': False, 'suspended': False, 'created_at': '2022-02-17T16:00:15+00:00', 'login_autocomplete': 'edouardbruelhart', 'login_exact': 'edouardbruelhart', 'name': None, 'name_autocomplete': None, 'orcid': None, 'icon': None, 'observations_count': 357, 'identifications_count': 0, 'journal_posts_count': 0, 'activity_count': 357, 'species_count': 295, 'universal_search_rank': 357, 'roles': [], 'site_id': 1, 'icon_url': None}}]	0	[]		https://www.inaturalist.org/observations/112938909	[]		False	0	False	0		[46.79268491, 7.156000242]	[]	False	True	False	[]	Fribourg, Suisse	[{'252591020': 122530}]	[]	[{'id': 190597163, 'license_code': 'cc-by-nc', 'original_dimensions': {'width': 1536, 'height': 2048}, 'url': 'https://inaturalist-open-data.s3.amazonaws.com/photos/190597163/square.jpg', 'attribution': '(c) edouardbruelhart, some rights reserved (CC BY-NC)', 'flags': []}, {'id': 190597174, 'license_code': 'cc-by-nc', 'original_dimensions': {'width': 1536, 'height': 2048}, 'url': 'https://inaturalist-open-data.s3.amazonaws.com/photos/190597174/square.jpg', 'attribution': '(c) edouardbruelhart, some rights reserved (CC BY-NC)', 'flags': []}, {'id': 190597189, 'license_code': 'cc-by-nc', 'original_dimensions': {'width': 1536, 'height': 2048}, 'url': 'https://inaturalist-open-data.s3.amazonaws.com/photos/190597189/square.jpg', 'attribution': '(c) edouardbruelhart, some rights reserved (CC BY-NC)', 'flags': []}]	[]	[]	2022-04-25 11:42:00+01:00	https://inaturalist-open-data.s3.amazonaws.com/photos/190597163/square.jpg	True	48460/47126/211194/47125/47163/47162/47434/201656/132112/1136658/68667	48460,47126,211194,47125,47163,47162,47434,201656,132112,1136658,68667,122530	False	47126	122530	False	10	False	False	68667	Bambusa vulgaris	species	False	122530	[48460, 47126, 211194, 47125, 47163, 47162, 47434, 201656, 132112, 1136658, 68667, 122530]	False	3	http://en.wikipedia.org/wiki/Bambusa_vulgaris		2012-01-08T21:17:15+00:00	0		5755	5755	0	0		5897307.0	cc-by-nc	(c) Eric Leeuwerck, some rights reserved (CC BY-NC), uploaded by Eric Leeuwerck	https://inaturalist-open-data.s3.amazonaws.com/photos/5897307/square.jpg	1536.0	2048.0	[]	https://inaturalist-open-data.s3.amazonaws.com/photos/5897307/square.jpg	https://inaturalist-open-data.s3.amazonaws.com/photos/5897307/medium.jpg	Plantae	golden bamboo		[7.156000242, 46.79268491]	Point	1.0	2022-02-17T16:00:15+00:00	5367650	edouardbruelhart	False	False	edouardbruelhart	edouardbruelhart					357	0	0	357	295	357	[]																						(7.156000242, 46.79268491)	dbgi_000077
20220513_PMA_DBGI_01_04_007.mzML	dbgi_000083_01_01	dbgi_000083	DBGI_01_04_007	sample	Arachis hypogaea	XX 0 FRIBG 20140500	liquid_nitrogen	7.1558844	46.79267491	112079128	casual	2022-04-19T11:28:00+02:00		[]	3268309c-4dba-457b-a11c-f3c8fe6fbb9d	0	False	Arachis hypogaea	False	[]		0	1	cc-by-nc	[{'user_id': 5367650, 'metric': 'wild', 'id': 9076458, 'agree': False, 'user': {'id': 5367650, 'login': 'edouardbruelhart', 'spam': False, 'suspended': False, 'created_at': '2022-02-17T16:00:15+00:00', 'login_autocomplete': 'edouardbruelhart', 'login_exact': 'edouardbruelhart', 'name': None, 'name_autocomplete': None, 'orcid': None, 'icon': None, 'observations_count': 357, 'identifications_count': 0, 'journal_posts_count': 0, 'activity_count': 357, 'species_count': 295, 'universal_search_rank': 357, 'roles': [], 'site_id': 1, 'icon_url': None}}]		[5367650]		[]	2022-04-19 22:09:20+02:00		[]	2022-11-11 10:01:17+01:00	[]	[7236, 12684, 51962, 59614, 67952, 80627, 81490, 96372, 97391, 97931, 108692, 156646, 180732]	True	[48460, 47126, 211194, 47125, 47124, 47123, 47122, 507502, 746872, 63196, 63205]	[]	0	[{'field_id': 15466, 'datatype': 'text', 'user_id': 5367650, 'value_ci': 'dbgi_000083', 'name': 'emi_external_id', 'name_ci': 'emi_external_id', 'id': 20549252, 'uuid': 'e8fd844f-7080-40de-9199-613b9f4d9ee5', 'value': 'dbgi_000083', 'user': {'id': 5367650, 'login': 'edouardbruelhart', 'spam': False, 'suspended': False, 'created_at': '2022-02-17T16:00:15+00:00', 'login_autocomplete': 'edouardbruelhart', 'login_exact': 'edouardbruelhart', 'name': None, 'name_autocomplete': None, 'orcid': None, 'icon': None, 'observations_count': 357, 'identifications_count': 0, 'journal_posts_count': 0, 'activity_count': 357, 'species_count': 295, 'universal_search_rank': 357, 'roles': [], 'site_id': 1, 'icon_url': None}}]	0	[]		https://www.inaturalist.org/observations/112079128	[]		False	0	False	0		[46.79267491, 7.1558844]	[]	False	True	False	[]	Fribourg, Suisse	[{'250795108': 63205}]	[]	[{'id': 189273757, 'license_code': 'cc-by-nc', 'original_dimensions': {'width': 1536, 'height': 2048}, 'url': 'https://inaturalist-open-data.s3.amazonaws.com/photos/189273757/square.jpg', 'attribution': '(c) edouardbruelhart, some rights reserved (CC BY-NC)', 'flags': []}, {'id': 189273798, 'license_code': 'cc-by-nc', 'original_dimensions': {'width': 1536, 'height': 2048}, 'url': 'https://inaturalist-open-data.s3.amazonaws.com/photos/189273798/square.jpg', 'attribution': '(c) edouardbruelhart, some rights reserved (CC BY-NC)', 'flags': []}, {'id': 189273829, 'license_code': 'cc-by-nc', 'original_dimensions': {'width': 1536, 'height': 2048}, 'url': 'https://inaturalist-open-data.s3.amazonaws.com/photos/189273829/square.jpg', 'attribution': '(c) edouardbruelhart, some rights reserved (CC BY-NC)', 'flags': []}, {'id': 189273855, 'license_code': 'cc-by-nc', 'original_dimensions': {'width': 1536, 'height': 2048}, 'url': 'https://inaturalist-open-data.s3.amazonaws.com/photos/189273855/square.jpg', 'attribution': '(c) edouardbruelhart, some rights reserved (CC BY-NC)', 'flags': []}, {'id': 189273887, 'license_code': 'cc-by-nc', 'original_dimensions': {'width': 1536, 'height': 2048}, 'url': 'https://inaturalist-open-data.s3.amazonaws.com/photos/189273887/square.jpg', 'attribution': '(c) edouardbruelhart, some rights reserved (CC BY-NC)', 'flags': []}]	[]	[]	2022-04-19 11:28:00+01:00	https://inaturalist-open-data.s3.amazonaws.com/photos/189273757/square.jpg	True	48460/47126/211194/47125/47124/47123/47122/507502/746872/63196	48460,47126,211194,47125,47124,47123,47122,507502,746872,63196,63205	False	47126	63205	False	10	False	False	63196	Arachis hypogaea	species	False	63205	[48460, 47126, 211194, 47125, 47124, 47123, 47122, 507502, 746872, 63196, 63205]	False	4	http://en.wikipedia.org/wiki/Peanut		2010-10-09T23:22:23+00:00	1		722	722	0	0		105026294.0	cc0	no rights reserved, uploaded by 葉子	https://inaturalist-open-data.s3.amazonaws.com/photos/105026294/square.jpeg	1536.0	2048.0	[]	https://inaturalist-open-data.s3.amazonaws.com/photos/105026294/square.jpeg	https://inaturalist-open-data.s3.amazonaws.com/photos/105026294/medium.jpeg	Plantae	Peanut		[7.1558844, 46.79267491]	Point	1.0	2022-02-17T16:00:15+00:00	5367650	edouardbruelhart	False	False	edouardbruelhart	edouardbruelhart					357	0	0	357	295	357	[]																						(7.1558844, 46.79267491)	dbgi_000083
20220513_PMA_DBGI_01_04_002.mzML	dbgi_000088_01_01	dbgi_000088	DBGI_01_04_002	sample	Abutilon grandifolium	XX 0 FRIBG 20050254	liquid_nitrogen	7.155930699	46.79270856	112071078	casual	2022-04-19T10:54:00+02:00		[]	606fc4f8-716a-4d04-8658-c14ad944d3f4	0	False	Abutilon grandifolium	False	[]		0	1	cc-by-nc	[{'user_id': 5367650, 'metric': 'wild', 'id': 9075840, 'agree': False, 'user': {'id': 5367650, 'login': 'edouardbruelhart', 'spam': False, 'suspended': False, 'created_at': '2022-02-17T16:00:15+00:00', 'login_autocomplete': 'edouardbruelhart', 'login_exact': 'edouardbruelhart', 'name': None, 'name_autocomplete': None, 'orcid': None, 'icon': None, 'observations_count': 357, 'identifications_count': 0, 'journal_posts_count': 0, 'activity_count': 357, 'species_count': 295, 'universal_search_rank': 357, 'roles': [], 'site_id': 1, 'icon_url': None}}]		[5367650]		[]	2022-04-19 20:55:01+02:00		[]	2022-11-11 09:48:33+01:00	[]	[7236, 12684, 51962, 59614, 67952, 80627, 81490, 96372, 97391, 97931, 108692, 156646, 180732]	True	[48460, 47126, 211194, 47125, 47124, 48796, 48797, 860115, 860842, 53864, 157839]	[]	0	[{'field_id': 15466, 'datatype': 'text', 'user_id': 5367650, 'value_ci': 'dbgi_000088', 'name': 'emi_external_id', 'name_ci': 'emi_external_id', 'id': 20549210, 'uuid': '58658bd1-fca3-4bd1-887b-1669fbef520a', 'value': 'dbgi_000088', 'user': {'id': 5367650, 'login': 'edouardbruelhart', 'spam': False, 'suspended': False, 'created_at': '2022-02-17T16:00:15+00:00', 'login_autocomplete': 'edouardbruelhart', 'login_exact': 'edouardbruelhart', 'name': None, 'name_autocomplete': None, 'orcid': None, 'icon': None, 'observations_count': 357, 'identifications_count': 0, 'journal_posts_count': 0, 'activity_count': 357, 'species_count': 295, 'universal_search_rank': 357, 'roles': [], 'site_id': 1, 'icon_url': None}}]	0	[]		https://www.inaturalist.org/observations/112071078	[]		False	0	False	0		[46.79270856, 7.155930699]	[]	False	True	False	[]	Fribourg, Suisse	[{'250778017': 157839}]	[]	[{'id': 189270269, 'license_code': 'cc-by-nc', 'original_dimensions': {'width': 1536, 'height': 2048}, 'url': 'https://inaturalist-open-data.s3.amazonaws.com/photos/189270269/square.jpg', 'attribution': '(c) edouardbruelhart, some rights reserved (CC BY-NC)', 'flags': []}, {'id': 189270295, 'license_code': 'cc-by-nc', 'original_dimensions': {'width': 1536, 'height': 2048}, 'url': 'https://inaturalist-open-data.s3.amazonaws.com/photos/189270295/square.jpg', 'attribution': '(c) edouardbruelhart, some rights reserved (CC BY-NC)', 'flags': []}, {'id': 189270325, 'license_code': 'cc-by-nc', 'original_dimensions': {'width': 1536, 'height': 2048}, 'url': 'https://inaturalist-open-data.s3.amazonaws.com/photos/189270325/square.jpg', 'attribution': '(c) edouardbruelhart, some rights reserved (CC BY-NC)', 'flags': []}, {'id': 189270356, 'license_code': 'cc-by-nc', 'original_dimensions': {'width': 1536, 'height': 2048}, 'url': 'https://inaturalist-open-data.s3.amazonaws.com/photos/189270356/square.jpg', 'attribution': '(c) edouardbruelhart, some rights reserved (CC BY-NC)', 'flags': []}, {'id': 189270378, 'license_code': 'cc-by-nc', 'original_dimensions': {'width': 1536, 'height': 2048}, 'url': 'https://inaturalist-open-data.s3.amazonaws.com/photos/189270378/square.jpg', 'attribution': '(c) edouardbruelhart, some rights reserved (CC BY-NC)', 'flags': []}]	[]	[]	2022-04-19 10:54:00+01:00	https://inaturalist-open-data.s3.amazonaws.com/photos/189270269/square.jpg	True	48460/47126/211194/47125/47124/48796/48797/860115/860842/53864	48460,47126,211194,47125,47124,48796,48797,860115,860842,53864,157839	False	47126	157839	False	10	False	False	53864	Abutilon grandifolium	species	False	157839	[48460, 47126, 211194, 47125, 47124, 48796, 48797, 860115, 860842, 53864, 157839]	False	4	http://en.wikipedia.org/wiki/Abutilon_grandifolium		2012-10-22T19:46:44+00:00	0		1232	1232	1	0		46537771.0		(c) Jim Roberts, all rights reserved, uploaded by Jim Roberts	https://static.inaturalist.org/photos/46537771/square.jpg	1536.0	2048.0	[]	https://static.inaturalist.org/photos/46537771/square.jpg	https://static.inaturalist.org/photos/46537771/medium.jpg	Plantae	hairy abutilon		[7.155930699, 46.79270856]	Point	1.0	2022-02-17T16:00:15+00:00	5367650	edouardbruelhart	False	False	edouardbruelhart	edouardbruelhart					357	0	0	357	295	357	[]																						(7.155930699, 46.79270856)	dbgi_000088
20220513_PMA_DBGI_01_04_005.mzML	dbgi_000094_01_01	dbgi_000094	DBGI_01_04_005	sample	Ananas comosus	XX 0 FRIBG 10000285	liquid_nitrogen	7.155984557	46.79268771	112938904	casual	2022-04-25T11:28:00+02:00		[]	2e389227-f16c-4e2b-8457-4afef8d1cd89	0	False	Ananas	False	[]		0	1	cc-by-nc	[{'user_id': 5367650, 'metric': 'wild', 'id': 9144477, 'agree': False, 'user': {'id': 5367650, 'login': 'edouardbruelhart', 'spam': False, 'suspended': False, 'created_at': '2022-02-17T16:00:15+00:00', 'login_autocomplete': 'edouardbruelhart', 'login_exact': 'edouardbruelhart', 'name': None, 'name_autocomplete': None, 'orcid': None, 'icon': None, 'observations_count': 357, 'identifications_count': 0, 'journal_posts_count': 0, 'activity_count': 357, 'species_count': 295, 'universal_search_rank': 357, 'roles': [], 'site_id': 1, 'icon_url': None}}]		[5367650]		[]	2022-04-26 09:04:27+02:00		[]	2022-11-11 10:56:46+01:00	[]	[7236, 12684, 51962, 59614, 67952, 80627, 81490, 96372, 97391, 97931, 108692, 156646, 180732]	True	[48460, 47126, 211194, 47125, 47163, 47162, 49570, 474338, 122967, 122965]	[]	0	[{'field_id': 15466, 'datatype': 'text', 'user_id': 5367650, 'value_ci': 'dbgi_000094', 'name': 'emi_external_id', 'name_ci': 'emi_external_id', 'id': 20549699, 'uuid': 'bfabdbd2-6acc-452a-8c0a-e03af865d61b', 'value': 'dbgi_000094', 'user': {'id': 5367650, 'login': 'edouardbruelhart', 'spam': False, 'suspended': False, 'created_at': '2022-02-17T16:00:15+00:00', 'login_autocomplete': 'edouardbruelhart', 'login_exact': 'edouardbruelhart', 'name': None, 'name_autocomplete': None, 'orcid': None, 'icon': None, 'observations_count': 357, 'identifications_count': 0, 'journal_posts_count': 0, 'activity_count': 357, 'species_count': 295, 'universal_search_rank': 357, 'roles': [], 'site_id': 1, 'icon_url': None}}]	0	[]		https://www.inaturalist.org/observations/112938904	[]		True	0	False	0		[46.79268771, 7.155984557]	[]	False	True	False	[]	Fribourg, Suisse	[{'252591014': 122965}]	[]	[{'id': 190596896, 'license_code': 'cc-by-nc', 'original_dimensions': {'width': 1536, 'height': 2048}, 'url': 'https://inaturalist-open-data.s3.amazonaws.com/photos/190596896/square.jpg', 'attribution': '(c) edouardbruelhart, some rights reserved (CC BY-NC)', 'flags': []}, {'id': 190596910, 'license_code': 'cc-by-nc', 'original_dimensions': {'width': 1536, 'height': 2048}, 'url': 'https://inaturalist-open-data.s3.amazonaws.com/photos/190596910/square.jpg', 'attribution': '(c) edouardbruelhart, some rights reserved (CC BY-NC)', 'flags': []}, {'id': 190596931, 'license_code': 'cc-by-nc', 'original_dimensions': {'width': 1536, 'height': 2048}, 'url': 'https://inaturalist-open-data.s3.amazonaws.com/photos/190596931/square.jpg', 'attribution': '(c) edouardbruelhart, some rights reserved (CC BY-NC)', 'flags': []}]	[]	[]	2022-04-25 11:28:00+01:00	https://inaturalist-open-data.s3.amazonaws.com/photos/190596896/square.jpg	True	48460/47126/211194/47125/47163/47162/49570/474338/122967	48460,47126,211194,47125,47163,47162,49570,474338,122967,122965	False	47126	122965	False	10	False	False	122967	Ananas comosus	species	False	122965	[48460, 47126, 211194, 47125, 47163, 47162, 49570, 474338, 122967, 122965]	False	3	http://en.wikipedia.org/wiki/Pineapple		2012-01-12T07:07:55+00:00	0		7181	7181	1	0		193509850.0	cc-by-nc	(c) karim_herrera_ico_3c, some rights reserved (CC BY-NC)	https://inaturalist-open-data.s3.amazonaws.com/photos/193509850/square.jpg	2048.0	1536.0	[]	https://inaturalist-open-data.s3.amazonaws.com/photos/193509850/square.jpg	https://inaturalist-open-data.s3.amazonaws.com/photos/193509850/medium.jpg	Plantae	pineapple		[7.155984557, 46.79268771]	Point	1.0	2022-02-17T16:00:15+00:00	5367650	edouardbruelhart	False	False	edouardbruelhart	edouardbruelhart					357	0	0	357	295	357	[]																						(7.155984557, 46.79268771)	dbgi_000094
20220513_PMA_DBGI_01_04_010.mzML	dbgi_000103_01_01	dbgi_000103	DBGI_01_04_010	sample	Bixa orellana	XX 0 FRIBG 20040401	liquid_nitrogen	7.155874594	46.79267762	112938871	casual	2022-04-25T09:13:00+02:00	open	[]	cce05c65-44c5-43fc-9d5f-f47d1d4b1be4	0	False	Roucou	False	[]		0	1	cc-by-nc	[{'user_id': 5367650, 'metric': 'wild', 'id': 9144449, 'agree': False, 'user': {'id': 5367650, 'login': 'edouardbruelhart', 'spam': False, 'suspended': False, 'created_at': '2022-02-17T16:00:15+00:00', 'login_autocomplete': 'edouardbruelhart', 'login_exact': 'edouardbruelhart', 'name': None, 'name_autocomplete': None, 'orcid': None, 'icon': None, 'observations_count': 357, 'identifications_count': 0, 'journal_posts_count': 0, 'activity_count': 357, 'species_count': 295, 'universal_search_rank': 357, 'roles': [], 'site_id': 1, 'icon_url': None}}]		[5367650]		[]	2022-04-26 09:04:16+02:00		[]	2022-11-11 10:39:09+01:00	[]	[7236, 12684, 51962, 59614, 67952, 80627, 81490, 96372, 97391, 97931, 108692, 156646, 180732]	True	[48460, 47126, 211194, 47125, 47124, 48796, 71456, 127679, 127676]	[]	0	[{'field_id': 15466, 'datatype': 'text', 'user_id': 5367650, 'value_ci': 'dbgi_000103', 'name': 'emi_external_id', 'name_ci': 'emi_external_id', 'id': 20549493, 'uuid': '9c22221a-9546-472c-acef-b848e5fdce1c', 'value': 'dbgi_000103', 'user': {'id': 5367650, 'login': 'edouardbruelhart', 'spam': False, 'suspended': False, 'created_at': '2022-02-17T16:00:15+00:00', 'login_autocomplete': 'edouardbruelhart', 'login_exact': 'edouardbruelhart', 'name': None, 'name_autocomplete': None, 'orcid': None, 'icon': None, 'observations_count': 357, 'identifications_count': 0, 'journal_posts_count': 0, 'activity_count': 357, 'species_count': 295, 'universal_search_rank': 357, 'roles': [], 'site_id': 1, 'icon_url': None}}]	0	[]		https://www.inaturalist.org/observations/112938871	[]		False	0	False	0		[46.79267762, 7.155874594]	[]	False	True	False	[]	Fribourg, Suisse	[{'252590964': 127676}]	[]	[{'id': 190595550, 'license_code': 'cc-by-nc', 'original_dimensions': {'width': 1536, 'height': 2048}, 'url': 'https://inaturalist-open-data.s3.amazonaws.com/photos/190595550/square.jpg', 'attribution': '(c) edouardbruelhart, some rights reserved (CC BY-NC)', 'flags': []}, {'id': 190595563, 'license_code': 'cc-by-nc', 'original_dimensions': {'width': 1536, 'height': 2048}, 'url': 'https://inaturalist-open-data.s3.amazonaws.com/photos/190595563/square.jpg', 'attribution': '(c) edouardbruelhart, some rights reserved (CC BY-NC)', 'flags': []}, {'id': 190595574, 'license_code': 'cc-by-nc', 'original_dimensions': {'width': 1536, 'height': 2048}, 'url': 'https://inaturalist-open-data.s3.amazonaws.com/photos/190595574/square.jpg', 'attribution': '(c) edouardbruelhart, some rights reserved (CC BY-NC)', 'flags': []}, {'id': 190595589, 'license_code': 'cc-by-nc', 'original_dimensions': {'width': 1536, 'height': 2048}, 'url': 'https://inaturalist-open-data.s3.amazonaws.com/photos/190595589/square.jpg', 'attribution': '(c) edouardbruelhart, some rights reserved (CC BY-NC)', 'flags': []}]	[]	[]	2022-04-25 09:13:00+01:00	https://inaturalist-open-data.s3.amazonaws.com/photos/190595550/square.jpg	True	48460/47126/211194/47125/47124/48796/71456/127679	48460,47126,211194,47125,47124,48796,71456,127679,127676	False	47126	127676	False	10	False	False	127679	Bixa orellana	species	False	127676	[48460, 47126, 211194, 47125, 47124, 48796, 71456, 127679, 127676]	False	3	https://en.wikipedia.org/wiki/Bixa_orellana		2012-05-01T13:00:09+00:00	1		3174	3174	0	0		54969015.0	cc-by-nc	(c) fitriamaharani0600, some rights reserved (CC BY-NC), uploaded by fitriamaharani0600	https://inaturalist-open-data.s3.amazonaws.com/photos/54969015/square.jpg	960.0	1280.0	[]	https://inaturalist-open-data.s3.amazonaws.com/photos/54969015/square.jpg	https://inaturalist-open-data.s3.amazonaws.com/photos/54969015/medium.jpg	Plantae	Lipsticktree		[7.155874594, 46.79267762]	Point	1.0	2022-02-17T16:00:15+00:00	5367650	edouardbruelhart	False	False	edouardbruelhart	edouardbruelhart					357	0	0	357	295	357	[]																						(7.155874594, 46.79267762)	dbgi_000103
20220513_PMA_DBGI_01_04_001.mzML	dbgi_000106_01_01	dbgi_000106	DBGI_01_04_001	sample	Abroma augustum	XX 0 FRIBG 20100010	liquid_nitrogen	7.155886249	46.79269144	112079122	casual	2022-04-19T11:14:00+02:00		[]	b031028e-aa93-46bd-8fee-ec251ce6a3ed	0	False	Abroma augustum	False	[]		0	1	cc-by-nc	[{'user_id': 5367650, 'metric': 'wild', 'id': 9076454, 'agree': False, 'user': {'id': 5367650, 'login': 'edouardbruelhart', 'spam': False, 'suspended': False, 'created_at': '2022-02-17T16:00:15+00:00', 'login_autocomplete': 'edouardbruelhart', 'login_exact': 'edouardbruelhart', 'name': None, 'name_autocomplete': None, 'orcid': None, 'icon': None, 'observations_count': 357, 'identifications_count': 0, 'journal_posts_count': 0, 'activity_count': 357, 'species_count': 295, 'universal_search_rank': 357, 'roles': [], 'site_id': 1, 'icon_url': None}}]		[5367650]		[]	2022-04-19 22:09:18+02:00		[]	2022-11-11 09:58:46+01:00	[]	[7236, 12684, 51962, 59614, 67952, 80627, 81490, 96372, 97391, 97931, 108692, 156646, 180732]	True	[48460, 47126, 211194, 47125, 47124, 48796, 48797, 911348, 343894, 343895]	[]	0	[{'field_id': 15466, 'datatype': 'text', 'user_id': 5367650, 'value_ci': 'dbgi_000106', 'name': 'emi_external_id', 'name_ci': 'emi_external_id', 'id': 20549228, 'uuid': 'ccbdbbfe-ff9d-4cfc-8bf4-5c8a41edcf19', 'value': 'dbgi_000106', 'user': {'id': 5367650, 'login': 'edouardbruelhart', 'spam': False, 'suspended': False, 'created_at': '2022-02-17T16:00:15+00:00', 'login_autocomplete': 'edouardbruelhart', 'login_exact': 'edouardbruelhart', 'name': None, 'name_autocomplete': None, 'orcid': None, 'icon': None, 'observations_count': 357, 'identifications_count': 0, 'journal_posts_count': 0, 'activity_count': 357, 'species_count': 295, 'universal_search_rank': 357, 'roles': [], 'site_id': 1, 'icon_url': None}}]	0	[]		https://www.inaturalist.org/observations/112079122	[]		False	0	False	0		[46.79269144, 7.155886249]	[]	False	True	False	[]	Fribourg, Suisse	[{'250795099': 343895}]	[]	[{'id': 189272991, 'license_code': 'cc-by-nc', 'original_dimensions': {'width': 1536, 'height': 2048}, 'url': 'https://inaturalist-open-data.s3.amazonaws.com/photos/189272991/square.jpg', 'attribution': '(c) edouardbruelhart, some rights reserved (CC BY-NC)', 'flags': []}, {'id': 189273051, 'license_code': 'cc-by-nc', 'original_dimensions': {'width': 1536, 'height': 2048}, 'url': 'https://inaturalist-open-data.s3.amazonaws.com/photos/189273051/square.jpg', 'attribution': '(c) edouardbruelhart, some rights reserved (CC BY-NC)', 'flags': []}, {'id': 189273113, 'license_code': 'cc-by-nc', 'original_dimensions': {'width': 1536, 'height': 2048}, 'url': 'https://inaturalist-open-data.s3.amazonaws.com/photos/189273113/square.jpg', 'attribution': '(c) edouardbruelhart, some rights reserved (CC BY-NC)', 'flags': []}, {'id': 189273152, 'license_code': 'cc-by-nc', 'original_dimensions': {'width': 1536, 'height': 2048}, 'url': 'https://inaturalist-open-data.s3.amazonaws.com/photos/189273152/square.jpg', 'attribution': '(c) edouardbruelhart, some rights reserved (CC BY-NC)', 'flags': []}]	[]	[]	2022-04-19 11:14:00+01:00	https://inaturalist-open-data.s3.amazonaws.com/photos/189272991/square.jpg	True	48460/47126/211194/47125/47124/48796/48797/911348/343894	48460,47126,211194,47125,47124,48796,48797,911348,343894,343895	False	47126	343895	False	10	False	False	343894	Abroma augustum	species	False	343895	[48460, 47126, 211194, 47125, 47124, 48796, 48797, 911348, 343894, 343895]	False	1	http://en.wikipedia.org/wiki/Abroma_augustum		2014-03-03T05:46:31+00:00	5		113	113	1	0		54687605.0		(c) Susmita Bera, all rights reserved, uploaded by Susmita Bera	https://static.inaturalist.org/photos/54687605/square.jpeg	2048.0	1536.0	[]	https://static.inaturalist.org/photos/54687605/square.jpeg	https://static.inaturalist.org/photos/54687605/medium.jpeg	Plantae	Devil’s Cotton		[7.155886249, 46.79269144]	Point	1.0	2022-02-17T16:00:15+00:00	5367650	edouardbruelhart	False	False	edouardbruelhart	edouardbruelhart					357	0	0	357	295	357	[]																						(7.155886249, 46.79269144)	dbgi_000106
20220513_PMA_DBGI_01_04_008.mzML	dbgi_000120_01_01	dbgi_000120	DBGI_01_04_008	sample	Averrhoa carambola	XX 0 BONN 19450	liquid_nitrogen	7.155997638	46.79268341	112938907	casual	2022-04-25T11:36:00+02:00		[]	7d0d7890-a335-4855-a6a1-6f07398d6983	0	False	Carambolier	False	[]		0	1	cc-by-nc	[{'user_id': 5367650, 'metric': 'wild', 'id': 9144480, 'agree': False, 'user': {'id': 5367650, 'login': 'edouardbruelhart', 'spam': False, 'suspended': False, 'created_at': '2022-02-17T16:00:15+00:00', 'login_autocomplete': 'edouardbruelhart', 'login_exact': 'edouardbruelhart', 'name': None, 'name_autocomplete': None, 'orcid': None, 'icon': None, 'observations_count': 357, 'identifications_count': 0, 'journal_posts_count': 0, 'activity_count': 357, 'species_count': 295, 'universal_search_rank': 357, 'roles': [], 'site_id': 1, 'icon_url': None}}]		[5367650]		[]	2022-04-26 09:04:29+02:00		[]	2022-11-11 10:58:21+01:00	[]	[7236, 12684, 51962, 59614, 67952, 80627, 81490, 96372, 97391, 97931, 108692, 156646, 180732]	True	[48460, 47126, 211194, 47125, 47124, 70233, 47759, 146978, 146977]	[]	0	[{'field_id': 15466, 'datatype': 'text', 'user_id': 5367650, 'value_ci': 'dbgi_000120', 'name': 'emi_external_id', 'name_ci': 'emi_external_id', 'id': 20549704, 'uuid': '41622460-488c-490a-b175-59727e7d0149', 'value': 'dbgi_000120', 'user': {'id': 5367650, 'login': 'edouardbruelhart', 'spam': False, 'suspended': False, 'created_at': '2022-02-17T16:00:15+00:00', 'login_autocomplete': 'edouardbruelhart', 'login_exact': 'edouardbruelhart', 'name': None, 'name_autocomplete': None, 'orcid': None, 'icon': None, 'observations_count': 357, 'identifications_count': 0, 'journal_posts_count': 0, 'activity_count': 357, 'species_count': 295, 'universal_search_rank': 357, 'roles': [], 'site_id': 1, 'icon_url': None}}]	0	[]		https://www.inaturalist.org/observations/112938907	[]		False	0	False	0		[46.79268341, 7.155997638]	[]	False	True	False	[]	Fribourg, Suisse	[{'252591018': 146977}]	[]	[{'id': 190597041, 'license_code': 'cc-by-nc', 'original_dimensions': {'width': 1536, 'height': 2048}, 'url': 'https://inaturalist-open-data.s3.amazonaws.com/photos/190597041/square.jpg', 'attribution': '(c) edouardbruelhart, some rights reserved (CC BY-NC)', 'flags': []}, {'id': 190597059, 'license_code': 'cc-by-nc', 'original_dimensions': {'width': 1536, 'height': 2048}, 'url': 'https://inaturalist-open-data.s3.amazonaws.com/photos/190597059/square.jpg', 'attribution': '(c) edouardbruelhart, some rights reserved (CC BY-NC)', 'flags': []}, {'id': 190597068, 'license_code': 'cc-by-nc', 'original_dimensions': {'width': 1536, 'height': 2048}, 'url': 'https://inaturalist-open-data.s3.amazonaws.com/photos/190597068/square.jpg', 'attribution': '(c) edouardbruelhart, some rights reserved (CC BY-NC)', 'flags': []}, {'id': 190597080, 'license_code': 'cc-by-nc', 'original_dimensions': {'width': 1536, 'height': 2048}, 'url': 'https://inaturalist-open-data.s3.amazonaws.com/photos/190597080/square.jpg', 'attribution': '(c) edouardbruelhart, some rights reserved (CC BY-NC)', 'flags': []}, {'id': 190597097, 'license_code': 'cc-by-nc', 'original_dimensions': {'width': 1536, 'height': 2048}, 'url': 'https://inaturalist-open-data.s3.amazonaws.com/photos/190597097/square.jpg', 'attribution': '(c) edouardbruelhart, some rights reserved (CC BY-NC)', 'flags': []}]	[]	[]	2022-04-25 11:36:00+01:00	https://inaturalist-open-data.s3.amazonaws.com/photos/190597041/square.jpg	True	48460/47126/211194/47125/47124/70233/47759/146978	48460,47126,211194,47125,47124,70233,47759,146978,146977	False	47126	146977	False	10	False	False	146978	Averrhoa carambola	species	False	146977	[48460, 47126, 211194, 47125, 47124, 70233, 47759, 146978, 146977]	False	3	http://en.wikipedia.org/wiki/Averrhoa_carambola		2012-09-02T05:18:24+00:00	0		3771	3771	0	0		60200368.0		(c) Ashley Aburto, all rights reserved, uploaded by Ashley Aburto	https://static.inaturalist.org/photos/60200368/square.jpg	445.0	792.0	[]	https://static.inaturalist.org/photos/60200368/square.jpg	https://static.inaturalist.org/photos/60200368/medium.jpg	Plantae	Starfruit		[7.155997638, 46.79268341]	Point	1.0	2022-02-17T16:00:15+00:00	5367650	edouardbruelhart	False	False	edouardbruelhart	edouardbruelhart					357	0	0	357	295	357	[]																						(7.155997638, 46.79268341)	dbgi_000120
