	feature_id	rank_spec	score_input	libname	short_inchikey	structure_smiles_2D	structure_molecular_formula	adduct	structure_exact_mass	structure_taxonomy_npclassifier_01pathway	structure_taxonomy_npclassifier_02superclass	structure_taxonomy_npclassifier_03class	otl_organism_otol_species	lowest_matched_taxon	score_taxo	score_max_consistency	final_score	rank_final	component_id	structure_taxonomy_npclassifier_01pathway_consensus	freq_structure_taxonomy_npclassifier_01pathway	structure_taxonomy_npclassifier_02superclass_consensus	freq_structure_taxonomy_npclassifier_02superclass	structure_taxonomy_npclassifier_03class_consensus	freq_structure_taxonomy_npclassifier_03class
0	100	7	0.6751293	ISDB	CJBDUOMQLFKVQC	O=C(O)CCc1ccccc1O	C9H10O3	nan	166.0629942	Shikimates and Phenylpropanoids	nan	nan	['Verbascum bombyciferum']	['Lamiales']	5	0	7.700517177581787	1	1	Terpenoids	0.23097112860892388	Monoterpenoids	0.12860892388451445	Iridoids monoterpenoids	0.086614173
1	101	2	0.5446426	ISDB	CFFMLEQRNNOHLH	O=C(C=Cc1ccccc1)OCC1OC(O)C(O)C(O)C1O	C15H18O7	nan	310.1052529	Shikimates and Phenylpropanoids	Phenylpropanoids (C6-C3)	Cinnamic acids and derivatives	['Verbascum bombyciferum']	['Scrophulariaceae']	6	0	8.178570509	1	1	Terpenoids	0.23097112860892388	Monoterpenoids	0.12860892388451445	Iridoids monoterpenoids	0.086614173
2	103	1	0	MS1_match	RJWJHRPNHPHBRN	OCC1=CC(O)C2C=COC(OC3OC(CO)C(O)C(O)C3O)C12	C15H22O9	pos_1_1proton1ammonium	346.1263823	Terpenoids	Monoterpenoids	Iridoids monoterpenoids	['Verbascum bombyciferum']	['Verbascum bombyciferum']	8	3	9.5	1	1	Terpenoids	0.23097112860892388	Monoterpenoids	0.12860892388451445	Iridoids monoterpenoids	0.086614173
3	104	1	0	MS1_match	RJWJHRPNHPHBRN	OCC1=CC(O)C2C=COC(OC3OC(CO)C(O)C(O)C3O)C12	C15H22O9	pos_1_1sodium	346.1263823	Terpenoids	Monoterpenoids	Iridoids monoterpenoids	['Verbascum bombyciferum']	['Verbascum bombyciferum']	8	3	9.5	1	1	Terpenoids	0.23097112860892388	Monoterpenoids	0.12860892388451445	Iridoids monoterpenoids	0.086614173
4	105	1	0	MS1_match	RJWJHRPNHPHBRN	OCC1=CC(O)C2C=COC(OC3OC(CO)C(O)C(O)C3O)C12	C15H22O9	pos_1_1potassium	346.1263823	Terpenoids	Monoterpenoids	Iridoids monoterpenoids	['Verbascum bombyciferum']	['Verbascum bombyciferum']	8	3	9.5	1	1	Terpenoids	0.23097112860892388	Monoterpenoids	0.12860892388451445	Iridoids monoterpenoids	0.086614173
5	108	1	0	MS1_match	RJWJHRPNHPHBRN	OCC1=CC(O)C2C=COC(OC3OC(CO)C(O)C(O)C3O)C12	C15H22O9	pos_1_1proton1ethylamine	346.1263823	Terpenoids	Monoterpenoids	Iridoids monoterpenoids	['Verbascum bombyciferum']	['Verbascum bombyciferum']	8	3	9.5	1	1	Terpenoids	0.23097112860892388	Monoterpenoids	0.12860892388451445	Iridoids monoterpenoids	0.086614173
6	110	1	0.88370717	ISDB	ODKSFYDXXFIFQN	N=C(N)NCCCC(N)C(=O)O	C6H14N4O2	nan	174.1116757	Shikimates and Phenylpropanoids	Small peptides	Aminoacids	['Verbascum bombyciferum']	['Lamiales']	5	3	10.034828662872314	1	14	Amino acids and Peptides	0.6666666666666666	Small peptides	0.6666666666666666	Aminoacids	0.6666666666666666
7	120	1	0.8260259	ISDB	CWLQUGTUXBXTLF	CN1CCCC1C(=O)O	C6H11NO2	nan	129.0789786	Alkaloids	Ornithine alkaloids	Pyrrolidine alkaloids	['Verbascum bombyciferum']	['Streptophyta']	4	0	7.304103613	1	1	Terpenoids	0.23097112860892388	Monoterpenoids	0.12860892388451445	Iridoids monoterpenoids	0.086614173
8	125	1	0	MS1_match	RJWJHRPNHPHBRN	OCC1=CC(O)C2C=COC(OC3OC(CO)C(O)C(O)C3O)C12	C15H22O9	pos_1_1potassium	346.1263823	Terpenoids	Monoterpenoids	Iridoids monoterpenoids	['Verbascum bombyciferum']	['Verbascum bombyciferum']	8	3	9.5	1	1	Terpenoids	0.23097112860892388	Monoterpenoids	0.12860892388451445	Iridoids monoterpenoids	0.086614173
9	129	19	0.22060135	ISDB	MTVWFVDWRVYDOR	OCC(O)c1ccc(O)c(O)c1	C8H10O4	nan	170.0579088	Alkaloids	Tyrosine alkaloids	Phenylethylamines	['Verbascum bombyciferum']	['Lamiales']	5	0	5.882405400276184	1	1	Terpenoids	0.23097112860892388	Monoterpenoids	0.12860892388451445	Iridoids monoterpenoids	0.086614173
10	133	2	0.8245419	ISDB	OVWYEQOVUDKZNU	Cc1cccc(C=O)c1	C8H8O	nan	120.0575149	Terpenoids	nan	nan	['Verbascum bombyciferum']	['Streptophyta']	4	1	7.798167705535889	1	1	Terpenoids	0.23097112860892388	Monoterpenoids	0.12860892388451445	Iridoids monoterpenoids	0.086614173
11	135	5	0.5933846	ISDB	CJBDUOMQLFKVQC	O=C(O)CCc1ccccc1O	C9H10O3	nan	166.0629942	Shikimates and Phenylpropanoids	nan	nan	['Verbascum bombyciferum']	['Lamiales']	5	0	7.373538494110107	1	1	Terpenoids	0.23097112860892388	Monoterpenoids	0.12860892388451445	Iridoids monoterpenoids	0.086614173
12	136	2	0.5308328	ISDB	CFFMLEQRNNOHLH	O=C(C=Cc1ccccc1)OCC1OC(O)C(O)C(O)C1O	C15H18O7	nan	310.1052529	Shikimates and Phenylpropanoids	Phenylpropanoids (C6-C3)	Cinnamic acids and derivatives	['Verbascum bombyciferum']	['Scrophulariaceae']	6	0	8.123331308364868	1	1	Terpenoids	0.23097112860892388	Monoterpenoids	0.12860892388451445	Iridoids monoterpenoids	0.086614173
13	137	1	0	MS1_match	RJWJHRPNHPHBRN	OCC1=CC(O)C2C=COC(OC3OC(CO)C(O)C(O)C3O)C12	C15H22O9	pos_1_1proton1ammonium	346.1263823	Terpenoids	Monoterpenoids	Iridoids monoterpenoids	['Verbascum bombyciferum']	['Verbascum bombyciferum']	8	3	9.5	1	1	Terpenoids	0.23097112860892388	Monoterpenoids	0.12860892388451445	Iridoids monoterpenoids	0.086614173
14	140	1	0.80151975	ISDB	GHOKWGTUZJEAQD	CC(C)(CO)C(O)C(=O)NCCC(=O)O	C9H17NO5	nan	219.1106726	Amino acids and Peptides	Small peptides	Dipeptides	['Verbascum bombyciferum']	['Streptophyta']	4	0	7.206079006195068	1	-1	nan	nan	nan	nan	nan	nan
15	141	1	0	MS1_match	RJWJHRPNHPHBRN	OCC1=CC(O)C2C=COC(OC3OC(CO)C(O)C(O)C3O)C12	C15H22O9	pos_1_1sodium	346.1263823	Terpenoids	Monoterpenoids	Iridoids monoterpenoids	['Verbascum bombyciferum']	['Verbascum bombyciferum']	8	3	9.5	1	1	Terpenoids	0.23097112860892388	Monoterpenoids	0.12860892388451445	Iridoids monoterpenoids	0.086614173
16	142	1	0.77733874	ISDB	HBEDSQVIWPRPAY	c1ccc2c(c1)CCO2	C8H8O	nan	120.0575149	Shikimates and Phenylpropanoids	Isoflavonoids	nan	['Verbascum bombyciferum']	['Lamiales']	5	0	8.109354972839355	1	-1	nan	nan	nan	nan	nan	nan
17	145	10	0.6337928	ISDB	WFHXHIBUHFQKJH	O=C(O)C=CC1C=CC(O)=CC1	C9H10O3	nan	166.0629942	nan	nan	nan	['Verbascum bombyciferum']	['Lamiales']	5	0	7.535171270370483	1	1	Terpenoids	0.23097112860892388	Monoterpenoids	0.12860892388451445	Iridoids monoterpenoids	0.086614173
18	146	3	0.55861926	ISDB	LIIALPBMIOVAHH	COc1ccc2ccc(=O)oc2c1	C10H8O3	nan	176.0473441	Shikimates and Phenylpropanoids	Coumarins	Simple coumarins	['Verbascum bombyciferum']	['Lamiales']	5	0	7.2344770431518555	1	1	Terpenoids	0.23097112860892388	Monoterpenoids	0.12860892388451445	Iridoids monoterpenoids	0.086614173
19	147	8	0.42181566	ISDB	KSEBMYQBYZTDHS	COc1cc(C=CC(=O)O)ccc1O	C10H10O4	nan	194.0579088	Shikimates and Phenylpropanoids	Phenylpropanoids (C6-C3)	Cinnamic acids and derivatives	['Verbascum bombyciferum']	['Scrophulariaceae']	6	0	7.687262654304504	1	1	Terpenoids	0.23097112860892388	Monoterpenoids	0.12860892388451445	Iridoids monoterpenoids	0.086614173
20	148	2	0.28555515	ISDB	SLUWJPWHBUWROV	O=C(O)C1=COC(O)C2C(CO)=CCC12	C10H12O5	nan	212.0684735	Terpenoids	Monoterpenoids	Iridoids monoterpenoids	['Verbascum bombyciferum']	['Streptophyta']	4	3	6.642220616340637	1	1	Terpenoids	0.23097112860892388	Monoterpenoids	0.12860892388451445	Iridoids monoterpenoids	0.086614173
21	150	1	0.77503055	ISDB	YUDPTGPSBJVHCN	Cc1cc(=O)oc2cc(OC3OC(CO)C(O)C(O)C3O)ccc12	C16H18O8	nan	338.1001675	Shikimates and Phenylpropanoids	Coumarins	Simple coumarins	['Verbascum bombyciferum']	['Streptophyta']	4	0	7.1001222133636475	1	1	Terpenoids	0.23097112860892388	Monoterpenoids	0.12860892388451445	Iridoids monoterpenoids	0.086614173
22	151	12	0.5656387	ISDB	DUAGQYUORDTXOR	C=CC1C2=CCOC(=O)C2=COC1OC1OC(CO)C(O)C(O)C1O	C16H20O9	nan	356.1107322199999	Terpenoids	Monoterpenoids	Secoiridoid monoterpenoids	['Verbascum bombyciferum']	['Lamiales']	5	2	8.262554884	1	1	Terpenoids	0.23097112860892388	Monoterpenoids	0.12860892388451445	Iridoids monoterpenoids	0.086614173
23	152	1	0.50707364	ISDB	JSKCJJNYSGWZDU	C=C1C(O)CC2C(C(=O)O)=COC(OC3OC(CO)C(O)C(O)C3O)C12	C16H22O10	nan	374.1212969039999	Terpenoids	Monoterpenoids	Iridoids monoterpenoids	['Verbascum bombyciferum']	['Lamiales']	5	3	8.528294563293457	1	1	Terpenoids	0.23097112860892388	Monoterpenoids	0.12860892388451445	Iridoids monoterpenoids	0.086614173
24	153	1	0	MS1_match	XUWSHXDEJOOIND	CC1(O)CC(O)C2(O)C=COC(OC3OC(CO)C(O)C(O)C3O)C12	C15H24O10	pos_1_1proton1ammonium	364.136947	Terpenoids	Monoterpenoids	Iridoids monoterpenoids	['Verbascum bombyciferum']	['Verbascum bombyciferum']	8	3	9.5	1	1	Terpenoids	0.23097112860892388	Monoterpenoids	0.12860892388451445	Iridoids monoterpenoids	0.086614173
25	163	12	0.46697542	ISDB	DLRJIFUOBPOJNS	CCOc1ccccc1	C8H10O	nan	122.0731649	Shikimates and Phenylpropanoids	nan	nan	['Verbascum bombyciferum']	['Lamiales']	5	0	6.867901682853699	1	1	Terpenoids	0.23097112860892388	Monoterpenoids	0.12860892388451445	Iridoids monoterpenoids	0.086614173
26	165	4	0.41513535	ISDB	UYGBSRJODQHNLQ	Cc1cc(C=O)cc(C)c1O	C9H10O2	nan	150.0680796	Terpenoids	nan	nan	['Verbascum bombyciferum']	['Lamiales']	5	1	7.160541415214539	1	1	Terpenoids	0.23097112860892388	Monoterpenoids	0.12860892388451445	Iridoids monoterpenoids	0.086614173
27	166	7	0.38097787	ISDB	SZDUUCCXZRJZRL	CC1=C2C(=O)OCCC2C(O)C1	C9H12O3	nan	168.0786442	Terpenoids	Monoterpenoids	Iridoids monoterpenoids	['Verbascum bombyciferum']	['Verbascum']	7	3	10.023911476135254	1	1	Terpenoids	0.23097112860892388	Monoterpenoids	0.12860892388451445	Iridoids monoterpenoids	0.086614173
28	167	1	0	MS1_match	VELYAQRXBJLJAK	CC1(O)CC(O)C2C=COC(OC3OC(CO)C(O)C(O)C3O)C21	C15H24O9	pos_1_1proton1ammonium	348.1420323	Terpenoids	Monoterpenoids	Iridoids monoterpenoids	['Verbascum bombyciferum']	['Verbascum bombyciferum']	8	3	9.5	1	1	Terpenoids	0.23097112860892388	Monoterpenoids	0.12860892388451445	Iridoids monoterpenoids	0.086614173
29	168	1	0	MS1_match	VELYAQRXBJLJAK	CC1(O)CC(O)C2C=COC(OC3OC(CO)C(O)C(O)C3O)C21	C15H24O9	pos_1_1sodium	348.1420323	Terpenoids	Monoterpenoids	Iridoids monoterpenoids	['Verbascum bombyciferum']	['Verbascum bombyciferum']	8	3	9.5	1	1	Terpenoids	0.23097112860892388	Monoterpenoids	0.12860892388451445	Iridoids monoterpenoids	0.086614173
30	169	8	0.70851964	ISDB	WFHXHIBUHFQKJH	O=C(O)C=CC1C=CC(O)=CC1	C9H10O3	nan	166.0629942	nan	nan	nan	['Verbascum bombyciferum']	['Lamiales']	5	0	7.834078550338745	1	1	Terpenoids	0.23097112860892388	Monoterpenoids	0.12860892388451445	Iridoids monoterpenoids	0.086614173
31	170	1	0	MS1_match	RJWJHRPNHPHBRN	OCC1=CC(O)C2C=COC(OC3OC(CO)C(O)C(O)C3O)C12	C15H22O9	pos_1_1proton1ammonium	346.1263823	Terpenoids	Monoterpenoids	Iridoids monoterpenoids	['Verbascum bombyciferum']	['Verbascum bombyciferum']	8	3	9.5	1	1	Terpenoids	0.23097112860892388	Monoterpenoids	0.12860892388451445	Iridoids monoterpenoids	0.086614173
32	174	1	0	MS1_match	LHDWRKICQLTVDL	OCC1OC(OC2OC=CC3C(O)C4OC4(CO)C23)C(O)C(O)C1O	C15H22O10	pos_1_1proton1ethylamine	362.1212969	Terpenoids	Monoterpenoids	Iridoids monoterpenoids	['Verbascum bombyciferum']	['Verbascum bombyciferum']	8	3	9.5	1	1	Terpenoids	0.23097112860892388	Monoterpenoids	0.12860892388451445	Iridoids monoterpenoids	0.086614173
33	178	1	0	MS1_match	VELYAQRXBJLJAK	CC1(O)CC(O)C2C=COC(OC3OC(CO)C(O)C(O)C3O)C21	C15H24O9	pos_1_1proton1ammonium	348.1420323	Terpenoids	Monoterpenoids	Iridoids monoterpenoids	['Verbascum bombyciferum']	['Verbascum bombyciferum']	8	3	9.5	1	1	Terpenoids	0.23097112860892388	Monoterpenoids	0.12860892388451445	Iridoids monoterpenoids	0.086614173
34	181	1	0.79522455	ISDB	YPJWDYIFUBTPCH	COc1cc2occc2cc1CCC(=O)O	C12H12O4	nan	220.0735589	Shikimates and Phenylpropanoids	nan	nan	['Verbascum bombyciferum']	['Streptophyta']	4	0	7.180898189544678	1	1	Terpenoids	0.23097112860892388	Monoterpenoids	0.12860892388451445	Iridoids monoterpenoids	0.086614173
35	189	1	0.48994434	ISDB	QIVBCDIJIAJPQS	NC(Cc1c[nH]c2ccccc12)C(=O)O	C11H12N2O2	nan	204.0898776	Shikimates and Phenylpropanoids	Small peptides	Aminoacids	['Verbascum bombyciferum']	['Scrophulariaceae']	6	3	9.459777355194092	1	27	Shikimates and Phenylpropanoids	0.5	Small peptides	0.5	Aminoacids	0.5
36	190	9	0.2521583	ISDB	PFNTZFUZCHVMEE	CCOC(=O)C(O)Cc1ccc(O)c(O)c1	C11H14O5	nan	226.0841235	Shikimates and Phenylpropanoids	nan	nan	['Verbascum bombyciferum']	['Lamiales']	5	1	6.508633255958557	1	30	Shikimates and Phenylpropanoids	1	Chromanes	1	Azaphilones	1
37	192	1	0.24525394	ISDB	XMLQEJGSKUOKGP	nan	nan	nan	nan	nan	nan	nan	['Verbascum bombyciferum']	nan	0	0	0.9810157418251038	1	1	Terpenoids	0.23097112860892388	Monoterpenoids	0.12860892388451445	Iridoids monoterpenoids	0.086614173
38	215	1	0.5316777	ISDB	UUEPXFWSBUIUAZ	CC(=O)OCC=Cc1ccc(O)cc1	C11H12O3	nan	192.0786442	Shikimates and Phenylpropanoids	Phenylpropanoids (C6-C3)	Cinnamic acids and derivatives	['Verbascum bombyciferum']	['Streptophyta']	4	0	6.126710891723633	1	1	Terpenoids	0.23097112860892388	Monoterpenoids	0.12860892388451445	Iridoids monoterpenoids	0.086614173
39	216	1	0	MS1_match	VELYAQRXBJLJAK	CC1(O)CC(O)C2C=COC(OC3OC(CO)C(O)C(O)C3O)C21	C15H24O9	pos_1_1proton1acetonitrile	348.1420323	Terpenoids	Monoterpenoids	Iridoids monoterpenoids	['Verbascum bombyciferum']	['Verbascum bombyciferum']	8	3	9.5	1	1	Terpenoids	0.23097112860892388	Monoterpenoids	0.12860892388451445	Iridoids monoterpenoids	0.086614173
40	229	1	0	MS1_match	RJWJHRPNHPHBRN	OCC1=CC(O)C2C=COC(OC3OC(CO)C(O)C(O)C3O)C12	C15H22O9	pos_1_1proton1ethylamine	346.1263823	Terpenoids	Monoterpenoids	Iridoids monoterpenoids	['Verbascum bombyciferum']	['Verbascum bombyciferum']	8	3	9.5	1	1	Terpenoids	0.23097112860892388	Monoterpenoids	0.12860892388451445	Iridoids monoterpenoids	0.086614173
41	232	1	0.8201452	ISDB	OIIJXQMSEYQDDI	Cc1ccc(C)c2c1CCCC2C	C13H18	nan	174.1408506	Terpenoids	Sesquiterpenoids	Cadinane sesquiterpenoids	['Verbascum bombyciferum']	['Streptophyta']	4	1	7.780580759048462	1	1	Terpenoids	0.23097112860892388	Monoterpenoids	0.12860892388451445	Iridoids monoterpenoids	0.086614173
42	233	12	0.23659736	ISDB	PFNTZFUZCHVMEE	CCOC(=O)C(O)Cc1ccc(O)c(O)c1	C11H14O5	nan	226.0841235	Shikimates and Phenylpropanoids	nan	nan	['Verbascum bombyciferum']	['Lamiales']	5	1	6.446389436721802	1	30	Shikimates and Phenylpropanoids	1	Chromanes	1	Azaphilones	1
43	235	2	0.3103902	ISDB	GZPGDNHQINDYSK	CC=Cc1c(O)ccc2c1OC(C)(O)C2=O	C12H12O4	nan	220.0735589	Polyketides	nan	nan	['Verbascum bombyciferum']	['Eukaryota']	1	0	2.2415608167648315	1	1	Terpenoids	0.23097112860892388	Monoterpenoids	0.12860892388451445	Iridoids monoterpenoids	0.086614173
44	239	1	0.63690037	ISDB	KSEBMYQBYZTDHS	COc1cc(C=CC(=O)O)ccc1O	C10H10O4	nan	194.0579088	Shikimates and Phenylpropanoids	Phenylpropanoids (C6-C3)	Cinnamic acids and derivatives	['Verbascum bombyciferum']	['Scrophulariaceae']	6	0	8.547601461410522	1	1	Terpenoids	0.23097112860892388	Monoterpenoids	0.12860892388451445	Iridoids monoterpenoids	0.086614173
45	243	3	0.34942695	ISDB	BVQOOKUOYKXECX	COC(=O)c1ccc2c(c1)C=CC(C)(C)O2	C13H14O3	nan	218.0942943	Terpenoids	Meroterpenoids	Merohemiterpenoids	['Verbascum bombyciferum']	['Streptophyta']	4	1	5.89770782	1	1	Terpenoids	0.23097112860892388	Monoterpenoids	0.12860892388451445	Iridoids monoterpenoids	0.086614173
46	252	12	0.5086699	ISDB	WFHXHIBUHFQKJH	O=C(O)C=CC1C=CC(O)=CC1	C9H10O3	nan	166.0629942	nan	nan	nan	['Verbascum bombyciferum']	['Lamiales']	5	0	7.034679651260376	1	1	Terpenoids	0.23097112860892388	Monoterpenoids	0.12860892388451445	Iridoids monoterpenoids	0.086614173
47	253	7	0.5648372	ISDB	SHZMGEYUEFSGCM	CC1=CC(=O)C2C=COC(OC3OC(CO)C(O)C(O)C3O)C12	C15H20O8	nan	328.1158176	Terpenoids	Monoterpenoids	Iridoids monoterpenoids	['Verbascum bombyciferum']	['Lamiales']	5	3	8.759348869	1	1	Terpenoids	0.23097112860892388	Monoterpenoids	0.12860892388451445	Iridoids monoterpenoids	0.086614173
48	27	1	0.8744112	ISDB	ODKSFYDXXFIFQN	N=C(N)NCCCC(N)C(=O)O	C6H14N4O2	nan	174.1116757	Amino acids and Peptides	Small peptides	Aminoacids	['Verbascum bombyciferum']	['Lamiales']	5	3	9.997644901275635	1	14	Amino acids and Peptides	0.6666666666666666	Small peptides	0.6666666666666666	Aminoacids	0.6666666666666666
49	271	1	0.8627667	ISDB	SUDKONPLSLKOPN	nan	nan	nan	nan	nan	nan	nan	['Verbascum bombyciferum']	nan	0	0	3.451066732406616	1	1	Terpenoids	0.23097112860892388	Monoterpenoids	0.12860892388451445	Iridoids monoterpenoids	0.086614173
50	273	1	0	MS1_match	LHDWRKICQLTVDL	OCC1OC(OC2OC=CC3C(O)C4OC4(CO)C23)C(O)C(O)C1O	C15H22O10	pos_1_1proton1acetonitrile	362.1212969	Terpenoids	Monoterpenoids	Iridoids monoterpenoids	['Verbascum bombyciferum']	['Verbascum bombyciferum']	8	3	9.5	1	1	Terpenoids	0.23097112860892388	Monoterpenoids	0.12860892388451445	Iridoids monoterpenoids	0.086614173
51	278	26	0.23669453	ISDB	BVNCCXWAZAZQNM	CC(O)C=CC12OC1(C)CC(O)CC2(C)C	C13H22O3	nan	226.1568946	Terpenoids	Apocarotenoids	Megastigmanes	['Verbascum bombyciferum']	['Lamiales']	5	0	5.946778118610382	1	-1	nan	nan	nan	nan	nan	nan
52	285	4	0.3194304	ISDB	SATCULPHIDQDRE	O=Cc1ccc2c(c1)OCO2	C8H6O3	nan	150.0316941	Shikimates and Phenylpropanoids	nan	nan	['Verbascum bombyciferum']	['Lamiales']	5	0	6.277721643447876	1	1	Terpenoids	0.23097112860892388	Monoterpenoids	0.12860892388451445	Iridoids monoterpenoids	0.086614173
53	286	1	0.75210977	ISDB	DPTUTXWBBUARQB	O=c1ccc2cccc(O)c2o1	C9H6O3	nan	162.0316941	Shikimates and Phenylpropanoids	Coumarins	Simple coumarins	['Verbascum bombyciferum']	['Streptophyta']	4	0	7.008439064025879	1	1	Terpenoids	0.23097112860892388	Monoterpenoids	0.12860892388451445	Iridoids monoterpenoids	0.086614173
54	287	3	0.36838737	ISDB	WKOLLVMJNQIZCI	COc1cc(C(=O)O)ccc1O	C8H8O4	nan	168.0422587	Shikimates and Phenylpropanoids	Phenylpropanoids (C6-C3)	Cinnamic acids and derivatives	['Verbascum bombyciferum']	['Scrophulariaceae']	6	0	7.473549485206604	1	-1	nan	nan	nan	nan	nan	nan
55	288	1	0.6022333	ISDB	JNEAWAJKXCLSEX	Oc1ccc2c(c1)C=CC(O)(O)O2	C9H8O4	nan	180.0422587	Shikimates and Phenylpropanoids	nan	nan	['Verbascum bombyciferum']	['Streptophyta']	4	0	6.408933162689209	1	1	Terpenoids	0.23097112860892388	Monoterpenoids	0.12860892388451445	Iridoids monoterpenoids	0.086614173
56	289	1	0.85541606	ISDB	HDCQSYSGGZTKNK	nan	nan	nan	nan	nan	nan	nan	['Verbascum bombyciferum']	nan	0	0	3.421664237976074	1	1	Terpenoids	0.23097112860892388	Monoterpenoids	0.12860892388451445	Iridoids monoterpenoids	0.086614173
57	290	2	0.9304987	ISDB	VPAOSFFTKWUGAD	O=c1ccc2ccc(OC3OC(CO)C(O)C(O)C3O)cc2o1	C15H16O8	nan	324.0845175	Shikimates and Phenylpropanoids	Coumarins	Simple coumarins	['Verbascum bombyciferum']	['Streptophyta']	4	0	7.721994876861572	1	1	Terpenoids	0.23097112860892388	Monoterpenoids	0.12860892388451445	Iridoids monoterpenoids	0.086614173
58	304	6	0.58343166	ISDB	GNZWXNKZMHJXNU	CC(=O)C1=NCCCC1	C7H11NO	nan	125.084064	Alkaloids	nan	nan	['Verbascum bombyciferum']	['Streptophyta']	4	0	6.333726644515991	1	1	Terpenoids	0.23097112860892388	Monoterpenoids	0.12860892388451445	Iridoids monoterpenoids	0.086614173
59	308	1	0.7030062	ISDB	ZOJZYAPVVOLQQB	O=C1Cc2ccc(O)cc2N1	C8H7NO2	nan	149.0476785	Alkaloids	Anthranilic acid alkaloids	nan	['Verbascum bombyciferum']	['Streptophyta']	4	0	6.812024831771851	1	1	Terpenoids	0.23097112860892388	Monoterpenoids	0.12860892388451445	Iridoids monoterpenoids	0.086614173
60	309	2	0.24102277	ISDB	SBFTZUUHPXPXLH	O=c1ccc2ccc(C3OC(CO)C(O)C(O)C3O)cc2o1	C15H16O7	nan	308.0896029	Shikimates and Phenylpropanoids	Coumarins	Simple coumarins	['Verbascum bombyciferum']	['Streptophyta']	4	0	4.964091062545776	1	1	Terpenoids	0.23097112860892388	Monoterpenoids	0.12860892388451445	Iridoids monoterpenoids	0.086614173
61	311	1	0.6877854	ISDB	HPKTZXONMIUNHR	O=C(C=Cc1ccccc1)OCC1OC(OC(=O)C=Cc2ccc(O)cc2)C(O)C(O)C1O	C24H24O9	nan	456.1420323	Shikimates and Phenylpropanoids	Phenylpropanoids (C6-C3)	Cinnamic acids and derivatives	['Verbascum bombyciferum']	['Streptophyta']	4	0	6.751141548156738	1	1	Terpenoids	0.23097112860892388	Monoterpenoids	0.12860892388451445	Iridoids monoterpenoids	0.086614173
62	324	1	0.8707544	ISDB	YUDPTGPSBJVHCN	Cc1cc(=O)oc2cc(OC3OC(CO)C(O)C(O)C3O)ccc12	C16H18O8	nan	338.1001675	Shikimates and Phenylpropanoids	Coumarins	Simple coumarins	['Verbascum bombyciferum']	['Streptophyta']	4	0	7.483017683029175	1	1	Terpenoids	0.23097112860892388	Monoterpenoids	0.12860892388451445	Iridoids monoterpenoids	0.086614173
63	328	1	0	MS1_match	XUWSHXDEJOOIND	CC1(O)CC(O)C2(O)C=COC(OC3OC(CO)C(O)C(O)C3O)C12	C15H24O10	pos_1_1proton1ethylamine	364.136947	Terpenoids	Monoterpenoids	Iridoids monoterpenoids	['Verbascum bombyciferum']	['Verbascum bombyciferum']	8	3	9.5	1	19	Terpenoids	0.3333333333333333	Monoterpenoids	0.3333333333333333	Iridoids monoterpenoids	0.3333333333333333
64	333	1	0.7651459	ISDB	DPTUTXWBBUARQB	O=c1ccc2cccc(O)c2o1	C9H6O3	nan	162.0316941	Shikimates and Phenylpropanoids	Coumarins	Simple coumarins	['Verbascum bombyciferum']	['Streptophyta']	4	0	7.060583591461182	1	1	Terpenoids	0.23097112860892388	Monoterpenoids	0.12860892388451445	Iridoids monoterpenoids	0.086614173
65	334	4	0.6333933	ISDB	QAIPRVGONGVQAS	O=C(O)C=Cc1ccc(O)c(O)c1	C9H8O4	nan	180.0422587	Shikimates and Phenylpropanoids	Phenylpropanoids (C6-C3)	Cinnamic acids and derivatives	['Verbascum bombyciferum']	['Scrophulariaceae']	6	0	8.533573150634766	1	-1	nan	nan	nan	nan	nan	nan
66	335	2	0.93689036	ISDB	VPAOSFFTKWUGAD	O=c1ccc2ccc(OC3OC(CO)C(O)C(O)C3O)cc2o1	C15H16O8	nan	324.0845175	Shikimates and Phenylpropanoids	Coumarins	Simple coumarins	['Verbascum bombyciferum']	['Streptophyta']	4	0	7.747561454772949	1	1	Terpenoids	0.23097112860892388	Monoterpenoids	0.12860892388451445	Iridoids monoterpenoids	0.086614173
67	337	4	0.38771477	ISDB	UYGBSRJODQHNLQ	Cc1cc(C=O)cc(C)c1O	C9H10O2	nan	150.0680796	Terpenoids	nan	nan	['Verbascum bombyciferum']	['Lamiales']	5	1	7.050859093666077	1	1	Terpenoids	0.23097112860892388	Monoterpenoids	0.12860892388451445	Iridoids monoterpenoids	0.086614173
68	340	1	0.8549837	ISDB	HDCQSYSGGZTKNK	nan	nan	nan	nan	nan	nan	nan	['Verbascum bombyciferum']	nan	0	0	3.4199347496032715	1	1	Terpenoids	0.23097112860892388	Monoterpenoids	0.12860892388451445	Iridoids monoterpenoids	0.086614173
69	342	12	0.4993038	ISDB	ZGQPPXFOPXPHJR	CC(=O)c1cc(O)c2c(c1)C=CC(C)(C)O2	C13H14O3	nan	218.0942943	Terpenoids	Meroterpenoids	Merohemiterpenoids	['Verbascum bombyciferum']	['Streptophyta']	4	1	6.497215151786804	1	1	Terpenoids	0.23097112860892388	Monoterpenoids	0.12860892388451445	Iridoids monoterpenoids	0.086614173
70	343	1	0	MS1_match	KVRQGMOSZKPBNS	CC1(OC(=O)C=Cc2ccccc2)CC(O)C2(O)C=COC(OC3OC(CO)C(O)C(O)C3O)C12	C24H30O11	pos_1_1proton1ethylamine	494.1788118	Terpenoids	Monoterpenoids	Iridoids monoterpenoids	['Verbascum bombyciferum']	['Verbascum bombyciferum']	8	3	9.5	1	1	Terpenoids	0.23097112860892388	Monoterpenoids	0.12860892388451445	Iridoids monoterpenoids	0.086614173
71	345	3	0.4298124	ISDB	MRBKEAMVRSLQPH	COc1ccc(O)c(C(C)(C)C)c1	C11H16O2	nan	180.1150298	Shikimates and Phenylpropanoids	nan	nan	['Verbascum bombyciferum']	['Lamiales']	5	0	6.719249606132507	1	-1	nan	nan	nan	nan	nan	nan
72	346	1	0	MS1_match	LHDWRKICQLTVDL	OCC1OC(OC2OC=CC3C(O)C4OC4(CO)C23)C(O)C(O)C1O	C15H22O10	pos_1_1proton1acetonitrile	362.1212969	Terpenoids	Monoterpenoids	Iridoids monoterpenoids	['Verbascum bombyciferum']	['Verbascum bombyciferum']	8	3	9.5	1	1	Terpenoids	0.23097112860892388	Monoterpenoids	0.12860892388451445	Iridoids monoterpenoids	0.086614173
73	354	1	0.41427466	ISDB	HVMSPHGUKBLNCL	nan	nan	nan	nan	nan	nan	nan	['Verbascum bombyciferum']	nan	0	0	1.657098650932312	1	1	Terpenoids	0.23097112860892388	Monoterpenoids	0.12860892388451445	Iridoids monoterpenoids	0.086614173
74	355	1	0.30076072	ISDB	LFIPWJLWVGROTL	Cc1ccc(O)c2oc(=O)ccc12	C10H8O3	nan	176.0473441	Shikimates and Phenylpropanoids	Coumarins	Simple coumarins	['Verbascum bombyciferum']	['Streptophyta']	4	0	5.2030428647994995	1	1	Terpenoids	0.23097112860892388	Monoterpenoids	0.12860892388451445	Iridoids monoterpenoids	0.086614173
75	356	1	0.66375005	ISDB	WPNYKVVEDMUXTO	COC(=O)C=Cc1ccc2c(c1)OCO2	C11H10O4	nan	206.0579088	Shikimates and Phenylpropanoids	Phenylpropanoids (C6-C3)	Cinnamic acids and derivatives	['Verbascum bombyciferum']	['Streptophyta']	4	0	6.65500021	1	1	Terpenoids	0.23097112860892388	Monoterpenoids	0.12860892388451445	Iridoids monoterpenoids	0.086614173
76	357	1	0.6795394	ISDB	BNOTVQGTWXPTHW	COC(=O)CC(OC(=O)C=Cc1ccc(O)c(OC)c1)C(=O)OC	C16H18O8	nan	338.1001675	Shikimates and Phenylpropanoids	Phenylpropanoids (C6-C3)	Cinnamic acids and derivatives	['Verbascum bombyciferum']	['Streptophyta']	4	0	6.718157529830933	1	1	Terpenoids	0.23097112860892388	Monoterpenoids	0.12860892388451445	Iridoids monoterpenoids	0.086614173
77	367	1	0.75616086	ISDB	DPTUTXWBBUARQB	O=c1ccc2cccc(O)c2o1	C9H6O3	nan	162.0316941	Shikimates and Phenylpropanoids	Coumarins	Simple coumarins	['Verbascum bombyciferum']	['Streptophyta']	4	0	7.024643421173096	1	1	Terpenoids	0.23097112860892388	Monoterpenoids	0.12860892388451445	Iridoids monoterpenoids	0.086614173
78	370	2	0.3207938	ISDB	XRIDGQVLGQMCMX	COc1cc(C=CC(=O)OCC2OC(=O)CC2O)ccc1O	C15H16O7	nan	308.0896029	Shikimates and Phenylpropanoids	Phenylpropanoids (C6-C3)	Cinnamic acids and derivatives	['Verbascum bombyciferum']	['Streptophyta']	4	0	5.283175230026245	1	1	Terpenoids	0.23097112860892388	Monoterpenoids	0.12860892388451445	Iridoids monoterpenoids	0.086614173
79	371	3	0.20648374	ISDB	CTGMCYNSUYQXFH	COC(=O)CC(OC(=O)C=Cc1ccc(O)c(OC)c1)C(=O)O	C15H16O8	nan	324.0845175	Shikimates and Phenylpropanoids	Phenylpropanoids (C6-C3)	Cinnamic acids and derivatives	['Verbascum bombyciferum']	['Streptophyta']	4	0	4.825934946537018	1	1	Terpenoids	0.23097112860892388	Monoterpenoids	0.12860892388451445	Iridoids monoterpenoids	0.086614173
80	372	4	0.56369925	ISDB	OONDLKCAZJZRCW	O=C(C=Cc1ccc(O)c(O)c1)OCC1OC(Oc2ccc(O)cc2)C(O)C(O)C1O	C21H22O10	nan	434.1212969039998	Shikimates and Phenylpropanoids	Phenylpropanoids (C6-C3)	Cinnamic acids and derivatives	['Verbascum bombyciferum']	['Lamiales']	5	0	7.254796981811523	1	1	Terpenoids	0.23097112860892388	Monoterpenoids	0.12860892388451445	Iridoids monoterpenoids	0.086614173
81	373	2	0.88564247	ISDB	YHDXKMHPOOQARK	CC1OC(OCC2OC(Oc3ccc4ccc(=O)oc4c3)C(O)C(O)C2O)C(O)C(O)C1O	C21H26O12	nan	470.1424263	Shikimates and Phenylpropanoids	Coumarins	Simple coumarins	['Verbascum bombyciferum']	['Streptophyta']	4	0	7.542569875717163	1	1	Terpenoids	0.23097112860892388	Monoterpenoids	0.12860892388451445	Iridoids monoterpenoids	0.086614173
82	374	2	0.5914785	ISDB	UHIGZYLCYRQESL	O=C(C=Cc1ccc(O)c(O)c1)OC1C(CO)OC(OCCc2ccc(O)c(O)c2)C(O)C1O	C23H26O11	nan	478.1475116519999	Shikimates and Phenylpropanoids	Phenylpropanoids (C6-C3)	Cinnamic acids and derivatives	['Verbascum bombyciferum']	['Scrophulariaceae']	6	0	8.365914106369019	1	1	Terpenoids	0.23097112860892388	Monoterpenoids	0.12860892388451445	Iridoids monoterpenoids	0.086614173
83	376	4	0.58432394	ISDB	FBSKJMQYURKNSU	CC1OC(OC2C(O)C(OCCc3ccc(O)c(O)c3)OC(CO)C2OC(=O)C=Cc2ccc(O)c(O)c2)C(O)C(O)C1O	C29H36O15	nan	624.2054205	Shikimates and Phenylpropanoids	Phenylethanoids (C6-C2)	Phenylethanoids	['Verbascum bombyciferum']	['Verbascum']	7	0	9.337295770645142	1	1	Terpenoids	0.23097112860892388	Monoterpenoids	0.12860892388451445	Iridoids monoterpenoids	0.086614173
84	38	1	0.63256335	ISDB	DCXYFEDJOCDNAF	NC(=O)CC(N)C(=O)O	C4H8N2O3	nan	132.0534921	Amino acids and Peptides	Small peptides	Aminoacids	['Verbascum bombyciferum']	['Lamiales']	5	0	7.5302534103393555	1	1	Terpenoids	0.23097112860892388	Monoterpenoids	0.12860892388451445	Iridoids monoterpenoids	0.086614173
85	382	3	0.538027	ISDB	XEVQXKKKAVVSMW	CC1(C)CC(O)CC2(C)OC(=O)C=C12	C11H16O3	nan	196.1099444	Terpenoids	Apocarotenoids	Apocarotenoids (β-)	['Verbascum bombyciferum']	['Lamiales']	5	1	7.6521079540252686	1	1	Terpenoids	0.23097112860892388	Monoterpenoids	0.12860892388451445	Iridoids monoterpenoids	0.086614173
86	385	1	0.8359922	ISDB	OIIJXQMSEYQDDI	Cc1ccc(C)c2c1CCCC2C	C13H18	nan	174.1408506	Terpenoids	Sesquiterpenoids	Cadinane sesquiterpenoids	['Verbascum bombyciferum']	['Streptophyta']	4	1	7.843968868255615	1	1	Terpenoids	0.23097112860892388	Monoterpenoids	0.12860892388451445	Iridoids monoterpenoids	0.086614173
87	386	205	0.34219745	ISDB	BSUGIIZTULADOL	C=C(C)C1CC(=O)C2=CCCC(C)C2(C)C1	C15H22O	nan	218.1670653	Terpenoids	Sesquiterpenoids	Eremophilane sesquiterpenoids	['Verbascum bombyciferum']	['Scrophulariaceae']	6	1	7.868789792060852	1	1	Terpenoids	0.23097112860892388	Monoterpenoids	0.12860892388451445	Iridoids monoterpenoids	0.086614173
88	39	1	0.89809257	ISDB	ZDXPYRJPNDTMRX	NC(=O)CCC(N)C(=O)O	C5H10N2O3	nan	146.0691422	Amino acids and Peptides	Small peptides	Aminoacids	['Verbascum bombyciferum']	['Lamiales']	5	3	10.09237027168274	1	5	Amino acids and Peptides	0.14285714285714285	Small peptides	0.14285714285714285	Aminoacids	0.14285714285714285
89	393	3	0.74531347	ISDB	CLJMUGBMMVBGHE	O=C(O)C1CN2C(CO)C(O)C(O)C(O)C2N1	C9H16N2O6	nan	248.1008362	Alkaloids	Lysine alkaloids	Indolizidine alkaloids	['Verbascum bombyciferum']	['Lamiales']	5	3	9.481253862380981	1	11	Alkaloids	0.5	Lysine alkaloids	0.5	Indolizidine alkaloids	0.5
90	395	1	0.7616685	ISDB	DPTUTXWBBUARQB	O=c1ccc2cccc(O)c2o1	C9H6O3	nan	162.0316941	Shikimates and Phenylpropanoids	Coumarins	Simple coumarins	['Verbascum bombyciferum']	['Streptophyta']	4	0	7.046674013137817	1	1	Terpenoids	0.23097112860892388	Monoterpenoids	0.12860892388451445	Iridoids monoterpenoids	0.086614173
91	397	2	0.9413301	ISDB	VPAOSFFTKWUGAD	O=c1ccc2ccc(OC3OC(CO)C(O)C(O)C3O)cc2o1	C15H16O8	nan	324.0845175	Shikimates and Phenylpropanoids	Coumarins	Simple coumarins	['Verbascum bombyciferum']	['Streptophyta']	4	0	7.765320301055908	1	1	Terpenoids	0.23097112860892388	Monoterpenoids	0.12860892388451445	Iridoids monoterpenoids	0.086614173
92	398	2	0.8863487	ISDB	YHDXKMHPOOQARK	CC1OC(OCC2OC(Oc3ccc4ccc(=O)oc4c3)C(O)C(O)C2O)C(O)C(O)C1O	C21H26O12	nan	470.1424263	Shikimates and Phenylpropanoids	Coumarins	Simple coumarins	['Verbascum bombyciferum']	['Streptophyta']	4	0	7.5453948974609375	1	1	Terpenoids	0.23097112860892388	Monoterpenoids	0.12860892388451445	Iridoids monoterpenoids	0.086614173
93	405	9	0.4615807	ISDB	ZGQPPXFOPXPHJR	CC(=O)c1cc(O)c2c(c1)C=CC(C)(C)O2	C13H14O3	nan	218.0942943	Terpenoids	Meroterpenoids	Merohemiterpenoids	['Verbascum bombyciferum']	['Streptophyta']	4	1	6.346322774887085	1	1	Terpenoids	0.23097112860892388	Monoterpenoids	0.12860892388451445	Iridoids monoterpenoids	0.086614173
94	406	3	0.37355876	ISDB	UYGBSRJODQHNLQ	Cc1cc(C=O)cc(C)c1O	C9H10O2	nan	150.0680796	Terpenoids	nan	nan	['Verbascum bombyciferum']	['Lamiales']	5	1	6.994235038757324	1	1	Terpenoids	0.23097112860892388	Monoterpenoids	0.12860892388451445	Iridoids monoterpenoids	0.086614173
95	408	1	0.8257188	ISDB	YUDPTGPSBJVHCN	Cc1cc(=O)oc2cc(OC3OC(CO)C(O)C(O)C3O)ccc12	C16H18O8	nan	338.1001675	Shikimates and Phenylpropanoids	Coumarins	Simple coumarins	['Verbascum bombyciferum']	['Streptophyta']	4	0	7.302875280380249	1	1	Terpenoids	0.23097112860892388	Monoterpenoids	0.12860892388451445	Iridoids monoterpenoids	0.086614173
96	41	1	0.7119639	ISDB	RHGKLRLOHDJJDR	NC(=O)NCCCC(N)C(=O)O	C6H13N3O3	nan	175.0956913	Amino acids and Peptides	Small peptides	Aminoacids	['Verbascum bombyciferum']	['Streptophyta']	4	0	6.847855567932129	1	-1	nan	nan	nan	nan	nan	nan
97	419	2	0.25856566	ISDB	SZOPSAFLRCYJCX	CC1=CC(=O)CC(C)(C)C1C=CC(C)OC1OC(CO)C(O)C(O)C1O	C19H30O7	nan	370.1991532999999	Terpenoids	Apocarotenoids	Megastigmanes	['Verbascum bombyciferum']	['Lamiales']	5	1	6.534262657165527	1	1	Terpenoids	0.23097112860892388	Monoterpenoids	0.12860892388451445	Iridoids monoterpenoids	0.086614173
98	422	3	0.65480304	ISDB	VEPJYMZVLHBTJT	CC1CCC=C2C(=O)C=CC(O)C21	C11H14O2	nan	178.0993797	Terpenoids	nan	nan	['Verbascum bombyciferum']	['Lamiales']	5	1	8.119212151	1	1	Terpenoids	0.23097112860892388	Monoterpenoids	0.12860892388451445	Iridoids monoterpenoids	0.086614173
99	423	40	0.3518844	ISDB	CKLJWMXFSCHRER	COC1OC=C(C=O)C2CCC(C)C12	C11H16O3	nan	196.1099444	Terpenoids	Monoterpenoids	Iridoids monoterpenoids	['Verbascum bombyciferum']	['Lamiales']	5	3	7.907537579536438	1	1	Terpenoids	0.23097112860892388	Monoterpenoids	0.12860892388451445	Iridoids monoterpenoids	0.086614173
100	424	2	0.24150586	ISDB	XRIDGQVLGQMCMX	COc1cc(C=CC(=O)OCC2OC(=O)CC2O)ccc1O	C15H16O7	nan	308.0896029	Shikimates and Phenylpropanoids	Phenylpropanoids (C6-C3)	Cinnamic acids and derivatives	['Verbascum bombyciferum']	['Streptophyta']	4	0	4.9660234451293945	1	1	Terpenoids	0.23097112860892388	Monoterpenoids	0.12860892388451445	Iridoids monoterpenoids	0.086614173
101	432	3	0.35530108	ISDB	ZFNVDHOSLNRHNN	CC(C=O)Cc1ccc(C(C)C)cc1	C13H18O	nan	190.1357652	Terpenoids	Monoterpenoids	Menthane monoterpenoids	['Verbascum bombyciferum']	['Streptophyta']	4	2	6.421204328536987	1	1	Terpenoids	0.23097112860892388	Monoterpenoids	0.12860892388451445	Iridoids monoterpenoids	0.086614173
102	44	4	0.2769754	ISDB	LRQKBLKVPFOOQJ	CCCCC(N)C(=O)O	C6H13NO2	nan	131.0946287	Amino acids and Peptides	Small peptides	Aminoacids	['Verbascum bombyciferum']	['Lamiales']	5	2	7.107901573181152	1	9	Shikimates and Phenylpropanoids	0.3333333333333333	Small peptides	0.3333333333333333	Polyamines	0.3333333333333333
103	443	1	0.65538704	ISDB	KSEBMYQBYZTDHS	COc1cc(C=CC(=O)O)ccc1O	C10H10O4	nan	194.0579088	Shikimates and Phenylpropanoids	Phenylpropanoids (C6-C3)	Cinnamic acids and derivatives	['Verbascum bombyciferum']	['Scrophulariaceae']	6	0	8.621548175811768	1	1	Terpenoids	0.23097112860892388	Monoterpenoids	0.12860892388451445	Iridoids monoterpenoids	0.086614173
104	445	2	0.69897187	ISDB	BNOTVQGTWXPTHW	COC(=O)CC(OC(=O)C=Cc1ccc(O)c(OC)c1)C(=O)OC	C16H18O8	nan	338.1001675	Shikimates and Phenylpropanoids	Phenylpropanoids (C6-C3)	Cinnamic acids and derivatives	['Verbascum bombyciferum']	['Streptophyta']	4	0	6.795887470245361	1	1	Terpenoids	0.23097112860892388	Monoterpenoids	0.12860892388451445	Iridoids monoterpenoids	0.086614173
105	446	1	0.7635759	ISDB	DBULDXXXNYFHIC	Cc1cccc2oc(=O)cc(OC3OC(COC4OC(C)C(O)C(O)C4O)C(O)C(O)C3O)c12	C22H28O12	nan	484.1580763359999	Shikimates and Phenylpropanoids	Coumarins	Simple coumarins	['Verbascum bombyciferum']	['Streptophyta']	4	0	7.0543036460876465	1	1	Terpenoids	0.23097112860892388	Monoterpenoids	0.12860892388451445	Iridoids monoterpenoids	0.086614173
106	451	1	0.8458019	ISDB	OIIJXQMSEYQDDI	Cc1ccc(C)c2c1CCCC2C	C13H18	nan	174.1408506	Terpenoids	Sesquiterpenoids	Cadinane sesquiterpenoids	['Verbascum bombyciferum']	['Streptophyta']	4	1	7.883207559585571	1	1	Terpenoids	0.23097112860892388	Monoterpenoids	0.12860892388451445	Iridoids monoterpenoids	0.086614173
107	452	2	0.6406075	ISDB	DKZBBWMURDFHNE	COc1cc(C=CC=O)ccc1O	C10H10O3	nan	178.0629942	Shikimates and Phenylpropanoids	Phenylpropanoids (C6-C3)	Cinnamic acids and derivatives	['Verbascum bombyciferum']	['Scrophulariaceae']	6	0	8.562429904937744	1	1	Terpenoids	0.23097112860892388	Monoterpenoids	0.12860892388451445	Iridoids monoterpenoids	0.086614173
108	453	6	0.7288825	ISDB	CLJMUGBMMVBGHE	O=C(O)C1CN2C(CO)C(O)C(O)C(O)C2N1	C9H16N2O6	nan	248.1008362	Alkaloids	Lysine alkaloids	Indolizidine alkaloids	['Verbascum bombyciferum']	['Lamiales']	5	3	9.415529966	1	11	Alkaloids	0.5	Lysine alkaloids	0.5	Indolizidine alkaloids	0.5
109	456	20	0.31112286	ISDB	VCHHFAUHGLYASU	Cc1cc(O)c(C(C)C)c(C(C)C)c1	C13H20O	nan	192.1514153	Terpenoids	Monoterpenoids	Menthane monoterpenoids	['Verbascum bombyciferum']	['Lamiales']	5	2	7.244491457939148	1	1	Terpenoids	0.23097112860892388	Monoterpenoids	0.12860892388451445	Iridoids monoterpenoids	0.086614173
110	457	4	0.54765284	ISDB	AUJXJFHANFIVKH	COC(=O)C=Cc1ccc(O)c(OC)c1	C11H12O4	nan	208.0735589	Shikimates and Phenylpropanoids	Phenylpropanoids (C6-C3)	Cinnamic acids and derivatives	['Verbascum bombyciferum']	['Scrophulariaceae']	6	0	8.190611362457275	1	1	Terpenoids	0.23097112860892388	Monoterpenoids	0.12860892388451445	Iridoids monoterpenoids	0.086614173
111	460	3	0.5368054	ISDB	GZARMOBQFMOKEQ	CC(=O)c1ccc2c(c1)CC(C1(C)CO1)O2	C13H14O3	nan	218.0942943	Terpenoids	Meroterpenoids	nan	['Verbascum bombyciferum']	['Streptophyta']	4	1	6.647221565246582	1	1	Terpenoids	0.23097112860892388	Monoterpenoids	0.12860892388451445	Iridoids monoterpenoids	0.086614173
112	468	1	0	MS1_match	KVRQGMOSZKPBNS	CC1(OC(=O)C=Cc2ccccc2)CC(O)C2(O)C=COC(OC3OC(CO)C(O)C(O)C3O)C12	C24H30O11	pos_1_1proton1ammonium	494.1788118	Terpenoids	Monoterpenoids	Iridoids monoterpenoids	['Verbascum bombyciferum']	['Verbascum bombyciferum']	8	3	9.5	1	1	Terpenoids	0.23097112860892388	Monoterpenoids	0.12860892388451445	Iridoids monoterpenoids	0.086614173
113	469	1	0	MS1_match	KVRQGMOSZKPBNS	CC1(OC(=O)C=Cc2ccccc2)CC(O)C2(O)C=COC(OC3OC(CO)C(O)C(O)C3O)C12	C24H30O11	pos_1_1sodium	494.1788118	Terpenoids	Monoterpenoids	Iridoids monoterpenoids	['Verbascum bombyciferum']	['Verbascum bombyciferum']	8	3	9.5	1	1	Terpenoids	0.23097112860892388	Monoterpenoids	0.12860892388451445	Iridoids monoterpenoids	0.086614173
114	474	2	0.20218845	ISDB	PAPGAOZQPFDLRG	CC1(C2CCC(=O)O2)Oc2cc(CO)cc(O)c2C(=O)C1O	C15H16O7	nan	308.0896028519999	Polyketides	Chromanes	Chromones	['Verbascum bombyciferum']	['Eukaryota']	1	0	1.808753788471222	1	1	Terpenoids	0.23097112860892388	Monoterpenoids	0.12860892388451445	Iridoids monoterpenoids	0.086614173
115	477	1	0.40451452	ISDB	LBQIJVLKGVZRIW	CC1(C)C=Cc2c(ccc3c2OCC(c2ccc(O)cc2O)C3)O1	C20H20O4	nan	324.13615911999995	Shikimates and Phenylpropanoids	Isoflavonoids	Isoflavanones	['Verbascum bombyciferum']	['Streptophyta']	4	3	7.118058085441589	1	3	Shikimates and Phenylpropanoids	0.1111111111111111	Isoflavonoids	0.1111111111111111	Isoflavanones	0.1111111111111111
116	484	2	0.32029325	ISDB	XRIDGQVLGQMCMX	COc1cc(C=CC(=O)OCC2OC(=O)CC2O)ccc1O	C15H16O7	nan	308.0896029	Shikimates and Phenylpropanoids	Phenylpropanoids (C6-C3)	Cinnamic acids and derivatives	['Verbascum bombyciferum']	['Streptophyta']	4	0	5.281172991	1	1	Terpenoids	0.23097112860892388	Monoterpenoids	0.12860892388451445	Iridoids monoterpenoids	0.086614173
117	487	1	0.6945449	ISDB	BNOTVQGTWXPTHW	COC(=O)CC(OC(=O)C=Cc1ccc(O)c(OC)c1)C(=O)OC	C16H18O8	nan	338.1001675	Shikimates and Phenylpropanoids	Phenylpropanoids (C6-C3)	Cinnamic acids and derivatives	['Verbascum bombyciferum']	['Streptophyta']	4	0	6.778179646	1	1	Terpenoids	0.23097112860892388	Monoterpenoids	0.12860892388451445	Iridoids monoterpenoids	0.086614173
118	490	4	0.40015104	ISDB	POIARNZEYGURDG	CC=CC(=O)C1=C(C)C=CCC1(C)C	C13H18O	nan	190.1357652	Terpenoids	Apocarotenoids	Apocarotenoids (β-)	['Verbascum bombyciferum']	['Lamiales']	5	1	7.100604176521301	1	1	Terpenoids	0.23097112860892388	Monoterpenoids	0.12860892388451445	Iridoids monoterpenoids	0.086614173
119	494	7	0.66518545	ISDB	PDEQKAVEYSOLJX	CC(=CCCC1(C)C2CC3C(C2)C31C)CO	C15H24O	nan	220.1827154	Terpenoids	Monoterpenoids	Camphane monoterpenoids	['Verbascum bombyciferum']	['Lamiales']	5	2	8.660741806030273	1	1	Terpenoids	0.23097112860892388	Monoterpenoids	0.12860892388451445	Iridoids monoterpenoids	0.086614173
120	503	1	0	MS1_match	XUWSHXDEJOOIND	CC1(O)CC(O)C2(O)C=COC(OC3OC(CO)C(O)C(O)C3O)C12	C15H24O10	pos_1_1proton1ethylamine	364.136947	Terpenoids	Monoterpenoids	Iridoids monoterpenoids	['Verbascum bombyciferum']	['Verbascum bombyciferum']	8	3	9.5	1	1	Terpenoids	0.23097112860892388	Monoterpenoids	0.12860892388451445	Iridoids monoterpenoids	0.086614173
121	508	1	0.6203618	ISDB	KSEBMYQBYZTDHS	COc1cc(C=CC(=O)O)ccc1O	C10H10O4	nan	194.0579088	Shikimates and Phenylpropanoids	Phenylpropanoids (C6-C3)	Cinnamic acids and derivatives	['Verbascum bombyciferum']	['Scrophulariaceae']	6	0	8.481447219848633	1	1	Terpenoids	0.23097112860892388	Monoterpenoids	0.12860892388451445	Iridoids monoterpenoids	0.086614173
122	51	12	0.58342826	ISDB	NOEGNKMFWQHSLB	O=Cc1ccc(CO)o1	C6H6O3	nan	126.0316941	Polyketides	Cyclic polyketides	Furans	['Verbascum bombyciferum']	['Scrophulariaceae']	6	0	8.333713054656982	1	1	Terpenoids	0.23097112860892388	Monoterpenoids	0.12860892388451445	Iridoids monoterpenoids	0.086614173
123	510	2	0.6910637	ISDB	BNOTVQGTWXPTHW	COC(=O)CC(OC(=O)C=Cc1ccc(O)c(OC)c1)C(=O)OC	C16H18O8	nan	338.1001675	Shikimates and Phenylpropanoids	Phenylpropanoids (C6-C3)	Cinnamic acids and derivatives	['Verbascum bombyciferum']	['Streptophyta']	4	0	6.764254808425903	1	1	Terpenoids	0.23097112860892388	Monoterpenoids	0.12860892388451445	Iridoids monoterpenoids	0.086614173
124	512	1	0.7554507	ISDB	DBULDXXXNYFHIC	Cc1cccc2oc(=O)cc(OC3OC(COC4OC(C)C(O)C(O)C4O)C(O)C(O)C3O)c12	C22H28O12	nan	484.1580763359999	Shikimates and Phenylpropanoids	Coumarins	Simple coumarins	['Verbascum bombyciferum']	['Streptophyta']	4	0	7.021802902	1	1	Terpenoids	0.23097112860892388	Monoterpenoids	0.12860892388451445	Iridoids monoterpenoids	0.086614173
125	52	1	0.28508714	ISDB	PJZDEFWGKUGLDC	nan	nan	nan	nan	nan	nan	nan	['Verbascum bombyciferum']	nan	0	0	1.1403485536575317	1	1	Terpenoids	0.23097112860892388	Monoterpenoids	0.12860892388451445	Iridoids monoterpenoids	0.086614173
126	522	2	0.27298456	ISDB	IMKHDCBNRDRUEB	CC1(C)CCCC2(C)OC(=O)C=C12	C11H16O2	nan	180.1150298	Terpenoids	Apocarotenoids	Apocarotenoids (β-)	['Verbascum bombyciferum']	['Lamiales']	5	1	6.591938257217407	1	10	Terpenoids	0.3333333333333333	Sesquiterpenoids	0.16666666666666666	Bisabolane sesquiterpenoids	0.16666666666666666
127	524	3	0.6149146	ISDB	TYFZMRKBYCICTC	OCc1cc(O)c(O)cc1CC1(O)COc2cc(O)ccc21	C16H16O6	nan	304.0946882	Shikimates and Phenylpropanoids	nan	nan	['Verbascum bombyciferum']	['Streptophyta']	4	0	6.459658384	1	-1	nan	nan	nan	nan	nan	nan
128	527	3	0.7243688	ISDB	LVIDDMJSLAVTSZ	Cc1ccc(C(C)C)c2c1CCC(C)C2	C15H22	nan	202.1721507	Terpenoids	Sesquiterpenoids	Cadinane sesquiterpenoids	['Verbascum bombyciferum']	['Lamiales']	5	1	8.397475242614746	1	1	Terpenoids	0.23097112860892388	Monoterpenoids	0.12860892388451445	Iridoids monoterpenoids	0.086614173
129	528	10	0.66470593	ISDB	PDEQKAVEYSOLJX	CC(=CCCC1(C)C2CC3C(C2)C31C)CO	C15H24O	nan	220.1827154	Terpenoids	Monoterpenoids	Camphane monoterpenoids	['Verbascum bombyciferum']	['Lamiales']	5	2	8.658823728561401	1	1	Terpenoids	0.23097112860892388	Monoterpenoids	0.12860892388451445	Iridoids monoterpenoids	0.086614173
130	533	1	0.60980004	ISDB	KVRQQFBSAHPTAB	C=C(C(=O)OC1OC(CO)C(O)C(O)C1O)C(O)CO	C11H18O9	nan	294.0950822	Fatty acids	Fatty acyl glycosides	Fatty acyl glycosides of mono- and disaccharides	['Verbascum bombyciferum']	['Streptophyta']	4	0	6.439200162887573	1	1	Terpenoids	0.23097112860892388	Monoterpenoids	0.12860892388451445	Iridoids monoterpenoids	0.086614173
131	554	9	0.6347421	ISDB	VFNUNYPYULIJSN	CC(C)c1ccc(C(C)C)c(O)c1	C12H18O	nan	178.1357652	Terpenoids	Monoterpenoids	Menthane monoterpenoids	['Verbascum bombyciferum']	['Lamiales']	5	2	8.538968324661255	1	1	Terpenoids	0.23097112860892388	Monoterpenoids	0.12860892388451445	Iridoids monoterpenoids	0.086614173
132	56	1	0.49389923	ISDB	ATHGHQPFGPMSJY	NCCCCNCCCN	C7H19N3	nan	145.15789760799998	Alkaloids	Ornithine alkaloids	Polyamines	['Verbascum bombyciferum']	['Lamiales']	5	3	8.475596904754639	1	9	Shikimates and Phenylpropanoids	0.3333333333333333	Small peptides	0.3333333333333333	Polyamines	0.3333333333333333
133	560	1	0.5082922	ISDB	TVKRNRXCYDYICD	CCCC(C)(O)C1CC(C)CC2(CN3CCCC3C(C)(O)C2O)O1	C19H35NO4	nan	341.2566086	Alkaloids	nan	nan	['Verbascum bombyciferum']	['Eukaryota']	1	1	3.5331687927246094	1	24	Alkaloids	0.5	nan	nan	nan	nan
134	562	4	0.4302406	ISDB	POIARNZEYGURDG	CC=CC(=O)C1=C(C)C=CCC1(C)C	C13H18O	nan	190.1357652	Terpenoids	Apocarotenoids	Apocarotenoids (β-)	['Verbascum bombyciferum']	['Lamiales']	5	1	7.220962405204773	1	1	Terpenoids	0.23097112860892388	Monoterpenoids	0.12860892388451445	Iridoids monoterpenoids	0.086614173
135	564	1	0.76089346	ISDB	YYBMBBAPYWDAJX	Cn1c(=O)c2c(c3cccc(O)c31)OC(C)(C)C=C2	C15H15NO3	nan	257.1051933	Alkaloids	Anthranilic acid alkaloids	Quinoline alkaloids	['Verbascum bombyciferum']	['Streptophyta']	4	0	7.043573856	1	-1	nan	nan	nan	nan	nan	nan
136	567	3	0.6423032	ISDB	XSNMUAUBDFNEIO	COc1cnc(C(C)CO)c2[nH]c3ccccc3c12	C15H16N2O2	nan	256.1211778	Alkaloids	Tryptophan alkaloids	Carboline alkaloids	['Verbascum bombyciferum']	['Streptophyta']	4	0	6.569212913513184	1	1	Terpenoids	0.23097112860892388	Monoterpenoids	0.12860892388451445	Iridoids monoterpenoids	0.086614173
137	575	1	0	MS1_match	VELYAQRXBJLJAK	CC1(O)CC(O)C2C=COC(OC3OC(CO)C(O)C(O)C3O)C21	C15H24O9	pos_1_1proton1ethylamine	348.1420323	Terpenoids	Monoterpenoids	Iridoids monoterpenoids	['Verbascum bombyciferum']	['Verbascum bombyciferum']	8	3	9.5	1	1	Terpenoids	0.23097112860892388	Monoterpenoids	0.12860892388451445	Iridoids monoterpenoids	0.086614173
138	58	5	0.21705806	ISDB	FMUMEWVNYMUECA	CC(C)CCC(N)C(=O)O	C7H15NO2	nan	145.1102787	Amino acids and Peptides	Small peptides	Aminoacids	['Verbascum bombyciferum']	['Streptophyta']	4	2	5.868232250213623	1	9	Shikimates and Phenylpropanoids	0.3333333333333333	Small peptides	0.3333333333333333	Polyamines	0.3333333333333333
139	584	2	0.7067185	ISDB	LVIDDMJSLAVTSZ	Cc1ccc(C(C)C)c2c1CCC(C)C2	C15H22	nan	202.1721507	Terpenoids	Sesquiterpenoids	Cadinane sesquiterpenoids	['Verbascum bombyciferum']	['Lamiales']	5	1	8.326874017715454	1	1	Terpenoids	0.23097112860892388	Monoterpenoids	0.12860892388451445	Iridoids monoterpenoids	0.086614173
140	591	4	0.6817367	ISDB	LVIDDMJSLAVTSZ	Cc1ccc(C(C)C)c2c1CCC(C)C2	C15H22	nan	202.1721507	Terpenoids	Sesquiterpenoids	Cadinane sesquiterpenoids	['Verbascum bombyciferum']	['Lamiales']	5	1	8.226946830749512	1	1	Terpenoids	0.23097112860892388	Monoterpenoids	0.12860892388451445	Iridoids monoterpenoids	0.086614173
141	592	129	0.58137536	ISDB	FRMCCTDTYSRUBE	C=C1CCC2C(C3C1CCC3(C)O)C2(C)C	C15H24O	nan	220.1827154	Terpenoids	Sesquiterpenoids	Aromadendrane sesquiterpenoids	['Verbascum bombyciferum']	['Scrophulariaceae']	6	1	8.825501441955566	1	1	Terpenoids	0.23097112860892388	Monoterpenoids	0.12860892388451445	Iridoids monoterpenoids	0.086614173
142	596	8	0.6558305	ISDB	VFNUNYPYULIJSN	CC(C)c1ccc(C(C)C)c(O)c1	C12H18O	nan	178.1357652	Terpenoids	Monoterpenoids	Menthane monoterpenoids	['Verbascum bombyciferum']	['Lamiales']	5	2	8.623322010040283	1	1	Terpenoids	0.23097112860892388	Monoterpenoids	0.12860892388451445	Iridoids monoterpenoids	0.086614173
143	6	1	0.5183504	ISDB	MXNRLFUSFKVQSK	C[N+](C)(C)CCCCC(N)C(=O)O	C9H21N2O2+	nan	189.1597543	Shikimates and Phenylpropanoids	Small peptides	Aminoacids	['Verbascum bombyciferum']	['Streptophyta']	4	0	6.073401689529419	1	1	Terpenoids	0.23097112860892388	Monoterpenoids	0.12860892388451445	Iridoids monoterpenoids	0.086614173
144	603	3	0.70790976	ISDB	IUFQXXXVUIYVOZ	CC1=COC(=O)C2C(C)CCCC12	C11H16O2	nan	180.1150298	Terpenoids	Monoterpenoids	Iridoids monoterpenoids	['Verbascum bombyciferum']	['Lamiales']	5	3	9.331639051437378	1	1	Terpenoids	0.23097112860892388	Monoterpenoids	0.12860892388451445	Iridoids monoterpenoids	0.086614173
145	607	2	0.50799	ISDB	LLUGDEYQSVTJSI	Cc1cc2c(cc1O)C=C1CCC(O)C(C)(C)C1CC2	C18H24O2	nan	272.17763	Terpenoids	Diterpenoids	Abeoabietane diterpenoids	['Verbascum bombyciferum']	['Streptophyta']	4	0	6.0319600105285645	1	-1	nan	nan	nan	nan	nan	nan
146	608	3	0.69505644	ISDB	OJUFMXZXXZASBJ	COc1cc(C2Oc3cc(O)c4c(=O)cc(-c5ccc(O)cc5)oc4c3OC2CO)ccc1O	C25H20O9	nan	464.1107322	Shikimates and Phenylpropanoids	Flavonoids	Flavones	['Verbascum bombyciferum']	['Lamiales']	5	3	9.280225754	1	18	Shikimates and Phenylpropanoids	0.3333333333333333	Lignans	0.3333333333333333	Flavones	0.3333333333333333
147	609	15	0.28812563	ISDB	XHUGGGNADRQBIR	CC(=O)C1CCC23C=CC(C)(CCC2C1(C)CC(=O)O)C3	C18H26O3	nan	290.1881947	Terpenoids	Diterpenoids	Secokaurane diterpenoids	['Verbascum bombyciferum']	['Lamiales']	5	1	6.652502536773682	1	1	Terpenoids	0.23097112860892388	Monoterpenoids	0.12860892388451445	Iridoids monoterpenoids	0.086614173
148	611	12	0.49502176	ISDB	DSXFEBWYDMBLBH	COc1cc2c(cc1C)C(O)C(O)CC2C	C13H18O3	nan	222.1255944	Terpenoids	nan	nan	['Verbascum bombyciferum']	['Streptophyta']	4	1	6.480087041854858	1	25	Terpenoids	0.5	Fatty Acids and Conjugates	0.5	Hydroxy fatty acids	0.5
149	615	19	0.2996476	ISDB	XHUGGGNADRQBIR	CC(=O)C1CCC23C=CC(C)(CCC2C1(C)CC(=O)O)C3	C18H26O3	nan	290.1881947	Terpenoids	Diterpenoids	Secokaurane diterpenoids	['Verbascum bombyciferum']	['Lamiales']	5	1	6.698590397834778	1	1	Terpenoids	0.23097112860892388	Monoterpenoids	0.12860892388451445	Iridoids monoterpenoids	0.086614173
150	622	18	0.6329912	ISDB	LUZSWWYKKLTDHU	CCCCCC=CC=CC(=O)CCCCCCCC(=O)O	C18H30O3	nan	294.2194948	nan	nan	nan	['Verbascum bombyciferum']	['Lamiales']	5	0	7.5319647789001465	1	1	Terpenoids	0.23097112860892388	Monoterpenoids	0.12860892388451445	Iridoids monoterpenoids	0.086614173
151	623	5	0.3572092	ISDB	NSVMMMROPMMCOH	CCCCCCC=CC=CC#CC#CCC=CCO	C18H24O	nan	256.1827154	Fatty acids	Fatty acyls	Fatty alcohols	['Verbascum bombyciferum']	['Streptophyta']	4	0	5.428836822509766	1	-1	nan	nan	nan	nan	nan	nan
152	624	12	0.4168922	ISDB	WMAMGZISNJIRAE	CCCCCC=CCC#CC#CCCCCCC(=O)O	C18H26O2	nan	274.1932801	Fatty acids	Fatty Acids and Conjugates	Unsaturated fatty acids	['Verbascum bombyciferum']	['Streptophyta']	4	0	5.667568802833557	1	-1	nan	nan	nan	nan	nan	nan
153	625	2	0.317343	ISDB	GGEHGIPZDUKHHM	CC(=O)OC1C2C(CC3(C)CCCC(C)(O)C13)OC(=O)C2C	C17H26O5	nan	310.1780239	Terpenoids	Sesquiterpenoids	Eudesmane sesquiterpenoids	['Verbascum bombyciferum']	['Streptophyta']	4	0	5.269371986	1	-1	nan	nan	nan	nan	nan	nan
154	627	5	0.5166725	ISDB	IHFRPKCRDFDADJ	C=C1C(=O)C=CC2C1(C)CCC1CC(C)(O)CCC12C	C18H26O2	nan	274.1932801	Terpenoids	Diterpenoids	Erythroxylane diterpenoids	['Verbascum bombyciferum']	['Streptophyta']	4	1	6.566689968109131	1	1	Terpenoids	0.23097112860892388	Monoterpenoids	0.12860892388451445	Iridoids monoterpenoids	0.086614173
155	628	1	0.6151186	ISDB	CQKNELOTFUSOTP	CCCCCCCCCC=CCCCC(O)C(O)C(N)CO	C18H37NO3	nan	315.277344	Fatty acids	Sphingolipids	Sphingoid bases	['Verbascum bombyciferum']	['Streptophyta']	4	3	7.960474491119385	1	21	Fatty acids	1	Sphingolipids	1	Sphingoid bases	1
156	630	2	0.30047214	ISDB	RSQWUKMYBGIWCC	COC1CC(C)Oc2cccc(O)c21	C11H14O3	nan	194.0942943	Terpenoids	Meroterpenoids	Meromonoterpenoids	['Verbascum bombyciferum']	['Streptophyta']	4	1	5.701888561248779	1	1	Terpenoids	0.23097112860892388	Monoterpenoids	0.12860892388451445	Iridoids monoterpenoids	0.086614173
157	631	1	0.48790917	ISDB	SOECUQMRSRVZQQ	COC1=C(OC)C(=O)C(CC=C(C)C)=C(C)C1=O	C14H18O4	nan	250.1205091	Terpenoids	Meroterpenoids	Prenyl quinone meroterpenoids	['Verbascum bombyciferum']	['Streptophyta']	4	0	5.9516366720199585	1	-1	nan	nan	nan	nan	nan	nan
158	632	24	0.3950705	ISDB	XKOIGMCEYNMHJA	C=C(CO)C1C=C2C(OC)CC3C(C)(CO)C(O)CCC3(C)C2CC1	C21H34O4	nan	350.2457096	Terpenoids	Diterpenoids	Pimarane and Isopimarane diterpenoids	['Verbascum bombyciferum']	['Lamiales']	5	1	7.080281972885132	1	1	Terpenoids	0.23097112860892388	Monoterpenoids	0.12860892388451445	Iridoids monoterpenoids	0.086614173
159	635	1	0.6407291	ISDB	AERBNCYCJBRYDG	CCCCCCCCCCCCCCC(O)C(O)C(N)CO	C18H39NO3	nan	317.2929941	Fatty acids	Sphingolipids	Sphingoid bases	['Verbascum bombyciferum']	['Streptophyta']	4	3	8.062916517	1	21	Fatty acids	1	Sphingolipids	1	Sphingoid bases	1
160	636	13	0.43725774	ISDB	XKOIGMCEYNMHJA	C=C(CO)C1C=C2C(OC)CC3C(C)(CO)C(O)CCC3(C)C2CC1	C21H34O4	nan	350.2457096	Terpenoids	Diterpenoids	Pimarane and Isopimarane diterpenoids	['Verbascum bombyciferum']	['Lamiales']	5	1	7.249030947685242	1	1	Terpenoids	0.23097112860892388	Monoterpenoids	0.12860892388451445	Iridoids monoterpenoids	0.086614173
161	64	1	0.27352643	ISDB	GTZCVFVGUGFEME	O=C(O)C=C(CC(=O)O)C(=O)O	C6H6O6	nan	174.0164379	Fatty acids	Fatty Acids and Conjugates	Dicarboxylic acids	['Verbascum bombyciferum']	['Streptophyta']	4	0	5.0941057205200195	1	14	Amino acids and Peptides	0.6666666666666666	Small peptides	0.6666666666666666	Aminoacids	0.6666666666666666
162	641	1	0.7723071	ISDB	HBRFKORKLCCQOQ	CC1=C(O)C(=O)CC2C1(C)CCC1CC(C)(O)CCC12C	C18H28O3	nan	292.2038448	Terpenoids	Diterpenoids	Erythroxylane diterpenoids	['Verbascum bombyciferum']	['Streptophyta']	4	1	7.589228391647339	1	1	Terpenoids	0.23097112860892388	Monoterpenoids	0.12860892388451445	Iridoids monoterpenoids	0.086614173
163	643	2	0.75386065	ISDB	WKQNRCYKYCKESD	CCC=CCC=CCC=CCCCCCCCC(=O)OCC(O)COP(=O)([O-])OCC[N+](C)(C)C	C26H48NO7P	nan	517.3168395	Fatty acids	Glycerophospholipids	Glycerophosphocholines	['Verbascum bombyciferum']	['Streptophyta']	4	3	8.515442609786987	1	6	Fatty acids	0.14285714285714285	Glycerophospholipids	0.14285714285714285	Glycerophosphocholines	0.14285714285714285
164	645	1	0.71564883	ISDB	ZCCLDKGWJIREQF	CCC=CCC=CCC=CCCCCCCCC(=O)OC(CO)CO	C21H36O4	nan	352.2613596	Fatty acids	Glycerolipids	Monoacylglycerols	['Verbascum bombyciferum']	['Streptophyta']	4	0	6.862595319747925	1	1	Terpenoids	0.23097112860892388	Monoterpenoids	0.12860892388451445	Iridoids monoterpenoids	0.086614173
165	646	14	0.670147	ISDB	JNIPNHCEUZIVID	CCC=CCC=CCC=CCCCCC=CCC(=O)O	C18H28O2	nan	276.2089301	Fatty acids	Fatty Acids and Conjugates	Unsaturated fatty acids	['Verbascum bombyciferum']	['Lamiales']	5	0	7.680588006973267	1	1	Terpenoids	0.23097112860892388	Monoterpenoids	0.12860892388451445	Iridoids monoterpenoids	0.086614173
166	647	12	0.66368777	ISDB	JNIPNHCEUZIVID	CCC=CCC=CCC=CCCCCC=CCC(=O)O	C18H28O2	nan	276.2089301	Fatty acids	Fatty Acids and Conjugates	Unsaturated fatty acids	['Verbascum bombyciferum']	['Lamiales']	5	0	7.6547510623931885	1	1	Terpenoids	0.23097112860892388	Monoterpenoids	0.12860892388451445	Iridoids monoterpenoids	0.086614173
167	648	1	0.69178665	ISDB	ZCCLDKGWJIREQF	CCC=CCC=CCC=CCCCCCCCC(=O)OC(CO)CO	C21H36O4	nan	352.2613596	Fatty acids	Glycerolipids	Monoacylglycerols	['Verbascum bombyciferum']	['Streptophyta']	4	0	6.767146587371826	1	1	Terpenoids	0.23097112860892388	Monoterpenoids	0.12860892388451445	Iridoids monoterpenoids	0.086614173
168	649	38	0.30491847	ISDB	XKOIGMCEYNMHJA	C=C(CO)C1C=C2C(OC)CC3C(C)(CO)C(O)CCC3(C)C2CC1	C21H34O4	nan	350.2457096	Terpenoids	Diterpenoids	Pimarane and Isopimarane diterpenoids	['Verbascum bombyciferum']	['Lamiales']	5	1	6.7196738719940186	1	1	Terpenoids	0.23097112860892388	Monoterpenoids	0.12860892388451445	Iridoids monoterpenoids	0.086614173
169	65	2	0.34489647	ISDB	ODBLHEXUDAPZAU	O=C(O)CC(C(=O)O)C(O)C(=O)O	C6H8O7	nan	192.0270026	Fatty acids	Fatty Acids and Conjugates	Dicarboxylic acids	['Verbascum bombyciferum']	['Lamiales']	5	0	6.379585862159729	1	5	Amino acids and Peptides	0.14285714285714285	Small peptides	0.14285714285714285	Aminoacids	0.14285714285714285
170	650	1	0.37870586	ISDB	MQJPOSCYXGJLPQ	CCC(=O)OCC(C)=CCCC1(C)OC2(C)C=CC1CC2	C18H28O3	nan	292.2038448	Terpenoids	Sesquiterpenoids	Bisabolane sesquiterpenoids	['Verbascum bombyciferum']	['Streptophyta']	4	3	7.0148234367370605	1	10	Terpenoids	0.3333333333333333	Sesquiterpenoids	0.16666666666666666	Bisabolane sesquiterpenoids	0.16666666666666666
171	651	2	0.57145464	ISDB	DBHKHNGBVGWQJE	CCCCCC=CCC=CCCCCCCCC(=O)OCC(O)COP(=O)(O)OCCN	C23H44NO7P	nan	477.2855394	Fatty acids	Glycerophospholipids	Glycerophosphoethanolamines	['Verbascum bombyciferum']	['Streptophyta']	4	3	7.785818576812744	1	20	Fatty acids	0.5	Glycerophospholipids	0.5	Glycerophosphoethanolamines	0.5
172	652	1	0.26099578	ISDB	BCNPTKKIVMTZFO	CC(C=CC=C(C)C=CC1=C(C)CC(O)CC1(C)C)=CC=CC=O	C22H30O2	nan	326.2245802	Terpenoids	Apocarotenoids	Apocarotenoids (β-)	['Verbascum bombyciferum']	['Streptophyta']	4	0	5.043983101844788	1	-1	nan	nan	nan	nan	nan	nan
173	654	10	0.5735897	ISDB	BNMYUQILBYIYOG	CCC=CCC(=O)C=CC=CCCCCCCCC(=O)O	C18H28O3	nan	292.2038448	Fatty acids	Octadecanoids	Other Octadecanoids	['Verbascum bombyciferum']	['Lamiales']	5	0	7.294358730316162	1	-1	nan	nan	nan	nan	nan	nan
174	655	1	0.76930827	ISDB	ZCCLDKGWJIREQF	CCC=CCC=CCC=CCCCCCCCC(=O)OC(CO)CO	C21H36O4	nan	352.2613596	Fatty acids	Glycerolipids	Monoacylglycerols	['Verbascum bombyciferum']	['Streptophyta']	4	0	7.077233076095581	1	1	Terpenoids	0.23097112860892388	Monoterpenoids	0.12860892388451445	Iridoids monoterpenoids	0.086614173
175	656	1	0.21530674	ISDB	ZYHCZHIJBQGRNF	nan	nan	nan	nan	nan	nan	nan	['Verbascum bombyciferum']	nan	0	0	0.8612269759178162	1	1	Terpenoids	0.23097112860892388	Monoterpenoids	0.12860892388451445	Iridoids monoterpenoids	0.086614173
176	659	3	0.7787101	ISDB	VZCCETWTMQHEPK	CCCCCC=CCC=CCC=CCCCCC(=O)O	C18H30O2	nan	278.2245802	Fatty acids	Fatty Acids and Conjugates	Unsaturated fatty acids	['Verbascum bombyciferum']	['Scrophulariaceae']	6	0	9.114840507507324	1	1	Terpenoids	0.23097112860892388	Monoterpenoids	0.12860892388451445	Iridoids monoterpenoids	0.086614173
177	661	1	0.23280896	ISDB	ZYHCZHIJBQGRNF	nan	nan	nan	nan	nan	nan	nan	['Verbascum bombyciferum']	nan	0	0	0.9312358498573303	1	1	Terpenoids	0.23097112860892388	Monoterpenoids	0.12860892388451445	Iridoids monoterpenoids	0.086614173
178	663	1	0.7432573	ISDB	ZCCLDKGWJIREQF	CCC=CCC=CCC=CCCCCCCCC(=O)OC(CO)CO	C21H36O4	nan	352.2613596	Fatty acids	Glycerolipids	Monoacylglycerols	['Verbascum bombyciferum']	['Streptophyta']	4	0	6.973029136657715	1	1	Terpenoids	0.23097112860892388	Monoterpenoids	0.12860892388451445	Iridoids monoterpenoids	0.086614173
179	664	12	0.6510789	ISDB	JNIPNHCEUZIVID	CCC=CCC=CCC=CCCCCC=CCC(=O)O	C18H28O2	nan	276.2089301	Fatty acids	Fatty Acids and Conjugates	Unsaturated fatty acids	['Verbascum bombyciferum']	['Lamiales']	5	0	7.604315519332886	1	1	Terpenoids	0.23097112860892388	Monoterpenoids	0.12860892388451445	Iridoids monoterpenoids	0.086614173
180	665	21	0.46407223	ISDB	LUZSWWYKKLTDHU	CCCCCC=CC=CC(=O)CCCCCCCC(=O)O	C18H30O3	nan	294.2194948	nan	nan	nan	['Verbascum bombyciferum']	['Lamiales']	5	0	6.856288909912109	1	1	Terpenoids	0.23097112860892388	Monoterpenoids	0.12860892388451445	Iridoids monoterpenoids	0.086614173
181	668	4	0.7089602	ISDB	LUZSWWYKKLTDHU	CCCCCC=CC=CC(=O)CCCCCCCC(=O)O	C18H30O3	nan	294.2194948	nan	nan	nan	['Verbascum bombyciferum']	['Lamiales']	5	0	7.835840702056885	1	1	Terpenoids	0.23097112860892388	Monoterpenoids	0.12860892388451445	Iridoids monoterpenoids	0.086614173
182	673	1	0.7172909	ISDB	HEALIQQDEGDSLS	nan	nan	nan	nan	nan	nan	nan	['Verbascum bombyciferum']	nan	0	0	2.8691635131835938	1	6	Fatty acids	0.14285714285714285	Glycerophospholipids	0.14285714285714285	Glycerophosphocholines	0.14285714285714285
183	680	2	0.24927634	ISDB	RLGBUTVIBWFTRW	CC1(O)CC23C=CC1CC2C1(C)CC(C(O)c2ccccc2)C(=O)C(C)(C)C1CC3	C27H36O3	nan	408.266445	Terpenoids	Diterpenoids	Atisane diterpenoids	['Verbascum bombyciferum']	['Streptophyta']	4	0	4.997105360031128	1	-1	nan	nan	nan	nan	nan	nan
184	685	1	0.46324077	ISDB	PAUIQDPAEDELMC	CC(C=O)=CC=CC=C(C)C=CC=C(C)C=CC1=C(C)CC(O)CC1(C)C	C25H34O2	nan	366.2558803	Terpenoids	Apocarotenoids	Apocarotenoids (β-)	['Verbascum bombyciferum']	['Streptophyta']	4	1	6.352963089942932	1	1	Terpenoids	0.23097112860892388	Monoterpenoids	0.12860892388451445	Iridoids monoterpenoids	0.086614173
185	686	1	0.31709436	ISDB	GTBFQOGSRWBGDY	CC12C=CC3(CCC4C(C)(C)C(=O)C(=Cc5ccccc5)CC4(C)C3CC1)C2	C27H34O	nan	374.2609657	Terpenoids	Diterpenoids	Beyerane diterpenoids	['Verbascum bombyciferum']	['Streptophyta']	4	1	5.768377423286438	1	1	Terpenoids	0.23097112860892388	Monoterpenoids	0.12860892388451445	Iridoids monoterpenoids	0.086614173
186	687	2	0.41161287	ISDB	HQPQTQQUHPFUOA	CC(C=CC=O)=CC=CC=C(C)C=CC=C(C)C=CC1=C(C)CC(O)CC1(C)C	C27H36O2	nan	392.2715304	Terpenoids	Apocarotenoids	Apocarotenoids (β-)	['Verbascum bombyciferum']	['Streptophyta']	4	1	6.146451473236084	1	1	Terpenoids	0.23097112860892388	Monoterpenoids	0.12860892388451445	Iridoids monoterpenoids	0.086614173
187	692	1	0.46021426	ISDB	QFIHQWXKTUONPL	CCCCCCCCCCCCCC=CC=CC(N)=O	C18H33NO	nan	279.2562147	nan	nan	nan	['Verbascum bombyciferum']	['Streptophyta']	4	0	5.840857028961182	1	-1	nan	nan	nan	nan	nan	nan
188	693	8	0.5398836	ISDB	YURWZDJEVHQYGV	CCCCCCCCC=CCCCCCCC(O)C(=O)OC	C19H36O3	nan	312.266445	Fatty acids	Fatty Acids and Conjugates	Hydroxy fatty acids	['Verbascum bombyciferum']	['Lamiales']	5	3	8.659534454345703	1	25	Terpenoids	0.5	Fatty Acids and Conjugates	0.5	Hydroxy fatty acids	0.5
189	694	1	0.38138238	ISDB	APGVHKPCMRXAPJ	CCCCCC=CCC=CCCCCCCCC(=O)OCC=Cc1cc(OC)c(OCC=C(C)CCC=C(C)C)c(OC)c1	C39H60O5	nan	608.444075	nan	nan	nan	['Verbascum bombyciferum']	['Streptophyta']	4	0	5.525529503822327	1	1	Terpenoids	0.23097112860892388	Monoterpenoids	0.12860892388451445	Iridoids monoterpenoids	0.086614173
190	695	1	0.21851315	ISDB	MDAUFUALHVJQPD	CCC=CCC=CCC=CCC=CCCCCC(=O)OCC(COC1OC(CO)C(O)C(O)C1O)OC(=O)CCCCC=CCC=CCC=CCC=CCC	C45H70O10	nan	770.4968984	Fatty acids	Glycerolipids	Glycosyldiacylglycerols	['Verbascum bombyciferum']	['Eukaryota']	1	0	1.8740525841712952	1	-1	nan	nan	nan	nan	nan	nan
191	704	7	0.70563334	ISDB	VZCCETWTMQHEPK	CCCCCC=CCC=CCC=CCCCCC(=O)O	C18H30O2	nan	278.2245802	Fatty acids	Fatty Acids and Conjugates	Unsaturated fatty acids	['Verbascum bombyciferum']	['Scrophulariaceae']	6	0	8.822533369064331	1	1	Terpenoids	0.23097112860892388	Monoterpenoids	0.12860892388451445	Iridoids monoterpenoids	0.086614173
192	707	5	0.34282878	ISDB	FGPOGAUCGOZVPS	CCCCCCC=CC=CCCc1ccc(O)cc1	C18H26O	nan	258.1983655	Polyketides	Aromatic polyketides	Catechols with side chains	['Verbascum bombyciferum']	['Streptophyta']	4	0	5.371315121650696	1	1	Terpenoids	0.23097112860892388	Monoterpenoids	0.12860892388451445	Iridoids monoterpenoids	0.086614173
193	72	1	0.46537256	ISDB	MDLTWTOQCHCLSZ	Cc1ncc(COC2OC(CO)C(O)C(O)C2O)c(CO)c1O	C14H21NO8	nan	331.1267166	Alkaloids	Nicotinic acid alkaloids	Pyridine alkaloids	['Verbascum bombyciferum']	['Streptophyta']	4	0	5.861490249633789	1	-1	nan	nan	nan	nan	nan	nan
194	741	4	0.283282	ISDB	MAIRBOUIUZTTQK	CCCCCCCCCCCCCC1=C(c2c(O)cc(O)cc2CCCCCCCCCCCCC)C(=O)C=C(OC)C1=O	C39H62O5	nan	610.4597251	Polyketides	Aromatic polyketides	Catechols with side chains	['Verbascum bombyciferum']	['Streptophyta']	4	0	5.133128046989441	1	1	Terpenoids	0.23097112860892388	Monoterpenoids	0.12860892388451445	Iridoids monoterpenoids	0.086614173
195	742	1	0.42460716	ISDB	NSUHFZHIKMSXME	nan	nan	nan	nan	nan	nan	nan	['Verbascum bombyciferum']	nan	0	0	1.6984286308288574	1	1	Terpenoids	0.23097112860892388	Monoterpenoids	0.12860892388451445	Iridoids monoterpenoids	0.086614173
196	75	1	0.75068945	ISDB	ATHGHQPFGPMSJY	NCCCCNCCCN	C7H19N3	nan	145.15789760799998	Alkaloids	Ornithine alkaloids	Polyamines	['Verbascum bombyciferum']	['Lamiales']	5	3	9.502757787704468	1	9	Shikimates and Phenylpropanoids	0.3333333333333333	Small peptides	0.3333333333333333	Polyamines	0.3333333333333333
197	76	1	0.80451465	ISDB	OUYCCCASQSFEME	NC(Cc1ccc(O)cc1)C(=O)O	C9H11NO3	nan	181.0738932	Amino acids and Peptides	Small peptides	Aminoacids	['Verbascum bombyciferum']	['Lamiales']	5	0	8.218058586120605	1	1	Terpenoids	0.23097112860892388	Monoterpenoids	0.12860892388451445	Iridoids monoterpenoids	0.086614173
198	760	1	0.2289534	ISDB	GDQAGTGWIBYTFP	nan	nan	nan	nan	nan	nan	nan	['Verbascum bombyciferum']	nan	0	0	0.9158136248588562	1	1	Terpenoids	0.23097112860892388	Monoterpenoids	0.12860892388451445	Iridoids monoterpenoids	0.086614173
199	764	1	0.42465785	ISDB	NSUHFZHIKMSXME	nan	nan	nan	nan	nan	nan	nan	['Verbascum bombyciferum']	nan	0	0	1.6986314058303833	1	1	Terpenoids	0.23097112860892388	Monoterpenoids	0.12860892388451445	Iridoids monoterpenoids	0.086614173
200	766	4	0.22205631	ISDB	MAIRBOUIUZTTQK	CCCCCCCCCCCCCC1=C(c2c(O)cc(O)cc2CCCCCCCCCCCCC)C(=O)C=C(OC)C1=O	C39H62O5	nan	610.4597251	Polyketides	Aromatic polyketides	Catechols with side chains	['Verbascum bombyciferum']	['Streptophyta']	4	0	4.888225257396698	1	1	Terpenoids	0.23097112860892388	Monoterpenoids	0.12860892388451445	Iridoids monoterpenoids	0.086614173
201	770	1	0.41934225	ISDB	APGVHKPCMRXAPJ	CCCCCC=CCC=CCCCCCCCC(=O)OCC=Cc1cc(OC)c(OCC=C(C)CCC=C(C)C)c(OC)c1	C39H60O5	nan	608.444075	nan	nan	nan	['Verbascum bombyciferum']	['Streptophyta']	4	0	5.677368998527527	1	10	Terpenoids	0.3333333333333333	Sesquiterpenoids	0.16666666666666666	Bisabolane sesquiterpenoids	0.16666666666666666
202	782	1	0.5570907	ISDB	CDEBMQMYQOXDIK	nan	nan	nan	nan	nan	nan	nan	['Verbascum bombyciferum']	nan	0	0	2.228362798690796	1	-1	nan	nan	nan	nan	nan	nan
203	795	8	0.24991551	ISDB	NSOPGAYUGBZWHL	CCC=CCC=CCC=CCCCCCCCC(=O)OCC(O)COC(=O)CCCCCCCC=CCC=CCC=CCC	C39H64O5	nan	612.4753751	Fatty acids	Glycerolipids	Triacylglycerols	['Verbascum bombyciferum']	['Streptophyta']	4	0	4.9996620416641235	1	1	Terpenoids	0.23097112860892388	Monoterpenoids	0.12860892388451445	Iridoids monoterpenoids	0.086614173
204	801	30	0.20545842	ISDB	SVHAKFJIIYNECQ	CC1(C)CCC2(CCC3(C)C(=CCC4C5(C)CC(O)C(O)C(C)(CO)C5CCC43C)C2O)C1	C29H48O4	nan	460.35526	Terpenoids	Triterpenoids	Oleanane triterpenoids	['Verbascum bombyciferum']	['Lamiales']	5	0	5.821833670139313	1	-1	nan	nan	nan	nan	nan	nan
205	803	15	0.6000756	ISDB	PSFGNZBYXOCWDG	COCC=C(C)CCC=C(CCC=C(C)CCC=C(C)C)C(=O)O	C21H34O3	nan	334.2507949	Terpenoids	Monoterpenoids	Acyclic monoterpenoids	['Verbascum bombyciferum']	['Streptophyta']	4	2	7.400302410125732	1	1	Terpenoids	0.23097112860892388	Monoterpenoids	0.12860892388451445	Iridoids monoterpenoids	0.086614173
206	804	8	0.37164322	ISDB	NSOPGAYUGBZWHL	CCC=CCC=CCC=CCCCCCCCC(=O)OCC(O)COC(=O)CCCCCCCC=CCC=CCC=CCC	C39H64O5	nan	612.4753751	Fatty acids	Glycerolipids	Triacylglycerols	['Verbascum bombyciferum']	['Streptophyta']	4	0	5.486572861671448	1	1	Terpenoids	0.23097112860892388	Monoterpenoids	0.12860892388451445	Iridoids monoterpenoids	0.086614173
207	814	15	0.26339182	ISDB	XUGISPSHIFXEHZ	CC(=O)OC1CCC2(C)C(=CCC3C2CCC2(C)C(C(C)CCCC(C)C)CCC32)C1	C29H48O2	nan	428.3654307759999	Terpenoids	Steroids	Cholestane steroids	['Verbascum bombyciferum']	['Lamiales']	5	1	6.553567290306091	1	1	Terpenoids	0.23097112860892388	Monoterpenoids	0.12860892388451445	Iridoids monoterpenoids	0.086614173
208	82	1	0.6318862	ISDB	UYGBSRJODQHNLQ	Cc1cc(C=O)cc(C)c1O	C9H10O2	nan	150.0680796	Terpenoids	nan	nan	['Verbascum bombyciferum']	['Lamiales']	5	1	8.027544736862183	1	1	Terpenoids	0.23097112860892388	Monoterpenoids	0.12860892388451445	Iridoids monoterpenoids	0.086614173
209	822	2	0.21994239	ISDB	BIXWVSLNTIFDQN	Cc1c(O)cc2c(c1C)OC(C)(CCCC(C)CCCC(C)CCCC(C)C)C=C2	C28H46O2	nan	414.3497807	Terpenoids	Meroterpenoids	Prenyl quinone meroterpenoids	['Verbascum bombyciferum']	['Streptophyta']	4	1	5.379769563674927	1	1	Terpenoids	0.23097112860892388	Monoterpenoids	0.12860892388451445	Iridoids monoterpenoids	0.086614173
210	824	46	0.2958078	ISDB	RLQBAGQABRADHE	CCCCCCCCC=CCCCCCCCC(=O)CCCCc1ccc(O)c(O)c1	C28H46O3	nan	430.3446953	Polyketides	Aromatic polyketides	Catechols with side chains	['Verbascum bombyciferum']	['Lamiales']	5	0	6.183231234550476	1	1	Terpenoids	0.23097112860892388	Monoterpenoids	0.12860892388451445	Iridoids monoterpenoids	0.086614173
211	84	1	0	MS1_match	RJWJHRPNHPHBRN	OCC1=CC(O)C2C=COC(OC3OC(CO)C(O)C(O)C3O)C12	C15H22O9	pos_1_1proton1ammonium	346.1263823	Terpenoids	Monoterpenoids	Iridoids monoterpenoids	['Verbascum bombyciferum']	['Verbascum bombyciferum']	8	3	9.5	1	1	Terpenoids	0.23097112860892388	Monoterpenoids	0.12860892388451445	Iridoids monoterpenoids	0.086614173
212	88	1	0	MS1_match	XUWSHXDEJOOIND	CC1(O)CC(O)C2(O)C=COC(OC3OC(CO)C(O)C(O)C3O)C12	C15H24O10	pos_1_1proton1ammonium	364.136947	Terpenoids	Monoterpenoids	Iridoids monoterpenoids	['Verbascum bombyciferum']	['Verbascum bombyciferum']	8	3	9.5	1	1	Terpenoids	0.23097112860892388	Monoterpenoids	0.12860892388451445	Iridoids monoterpenoids	0.086614173
213	89	3	0.33233437	ISDB	BWDGXQDVXMUNDT	CC(=O)OC(c1ccccc1)C(O)C1OC(=O)C=CC1O	C15H16O6	nan	292.09468823199995	Shikimates and Phenylpropanoids	Styrylpyrones	Kavalactones and derivatives	['Verbascum bombyciferum']	['Streptophyta']	4	0	5.329337477684021	1	1	Terpenoids	0.23097112860892388	Monoterpenoids	0.12860892388451445	Iridoids monoterpenoids	0.086614173
214	90	4	0.6283264	ISDB	SHZMGEYUEFSGCM	CC1=CC(=O)C2C=COC(OC3OC(CO)C(O)C(O)C3O)C12	C15H20O8	nan	328.1158176	Terpenoids	Monoterpenoids	Iridoids monoterpenoids	['Verbascum bombyciferum']	['Lamiales']	5	3	9.013305664	1	1	Terpenoids	0.23097112860892388	Monoterpenoids	0.12860892388451445	Iridoids monoterpenoids	0.086614173
215	91	1	0	MS1_match	RJWJHRPNHPHBRN	OCC1=CC(O)C2C=COC(OC3OC(CO)C(O)C(O)C3O)C12	C15H22O9	pos_1_1proton	346.1263823	Terpenoids	Monoterpenoids	Iridoids monoterpenoids	['Verbascum bombyciferum']	['Verbascum bombyciferum']	8	3	9.5	1	1	Terpenoids	0.23097112860892388	Monoterpenoids	0.12860892388451445	Iridoids monoterpenoids	0.086614173
216	97	2	0.8399023	ISDB	OVWYEQOVUDKZNU	Cc1cccc(C=O)c1	C8H8O	nan	120.0575149	Terpenoids	nan	nan	['Verbascum bombyciferum']	['Streptophyta']	4	1	7.859609127044678	1	1	Terpenoids	0.23097112860892388	Monoterpenoids	0.12860892388451445	Iridoids monoterpenoids	0.086614173