	feature_id	component_id	structure_taxonomy_npclassifier_01pathway_consensus	freq_structure_taxonomy_npclassifier_01pathway	structure_taxonomy_npclassifier_02superclass_consensus	freq_structure_taxonomy_npclassifier_02superclass	structure_taxonomy_npclassifier_03class_consensus	freq_structure_taxonomy_npclassifier_03class	rank_spec	score_input	libname	short_inchikey	structure_smiles_2D	structure_molecular_formula	adduct	structure_exact_mass	structure_taxonomy_npclassifier_01pathway	structure_taxonomy_npclassifier_02superclass	structure_taxonomy_npclassifier_03class	otl_organism_otol_species	lowest_matched_taxon	score_taxo	score_max_consistency	final_score	rank_final
42575	824	1	Terpenoids	0.23097112860892388	Monoterpenoids	0.12860892388451445	Iridoids monoterpenoids	0.08661417322834646	46.0	0.2958078	ISDB	RLQBAGQABRADHE	CCCCCCCCC=CCCCCCCCC(=O)CCCCc1ccc(O)c(O)c1	C28H46O3		430.344695332	Polyketides	Aromatic polyketides	Catechols with side chains	['Verbascum bombyciferum']	['Lamiales']	5	0	6.183231234550476	1
42571	822	1	Terpenoids	0.23097112860892388	Monoterpenoids	0.12860892388451445	Iridoids monoterpenoids	0.08661417322834646	2.0	0.21994239	ISDB	BIXWVSLNTIFDQN	Cc1c(O)cc2c(c1C)OC(C)(CCCC(C)CCCC(C)CCCC(C)C)C=C2	C28H46O2		414.349780712	Terpenoids	Meroterpenoids	Prenyl quinone meroterpenoids	['Verbascum bombyciferum']	['Streptophyta']	4	1	5.379769563674927	1
42289	814	1	Terpenoids	0.23097112860892388	Monoterpenoids	0.12860892388451445	Iridoids monoterpenoids	0.08661417322834646	15.0	0.26339182	ISDB	XUGISPSHIFXEHZ	CC(=O)OC1CCC2(C)C(=CCC3C2CCC2(C)C(C(C)CCCC(C)C)CCC32)C1	C29H48O2		428.3654307759999	Terpenoids	Steroids	Cholestane steroids	['Verbascum bombyciferum']	['Lamiales']	5	1	6.553567290306091	1
42268	804	1	Terpenoids	0.23097112860892388	Monoterpenoids	0.12860892388451445	Iridoids monoterpenoids	0.08661417322834646	8.0	0.37164322	ISDB	NSOPGAYUGBZWHL	CCC=CCC=CCC=CCCCCCCCC(=O)OCC(O)COC(=O)CCCCCCCC=CCC=CCC=CCC	C39H64O5		612.475375148	Fatty acids	Glycerolipids	Triacylglycerols	['Verbascum bombyciferum']	['Streptophyta']	4	0	5.486572861671448	1
42044	803	1	Terpenoids	0.23097112860892388	Monoterpenoids	0.12860892388451445	Iridoids monoterpenoids	0.08661417322834646	15.0	0.6000756	ISDB	PSFGNZBYXOCWDG	COCC=C(C)CCC=C(CCC=C(C)CCC=C(C)C)C(=O)O	C21H34O3		334.250794948	Terpenoids	Monoterpenoids	Acyclic monoterpenoids	['Verbascum bombyciferum']	['Streptophyta']	4	2	7.400302410125732	1
41981	801	-1							30.0	0.20545842	ISDB	SVHAKFJIIYNECQ	CC1(C)CCC2(CCC3(C)C(=CCC4C5(C)CC(O)C(O)C(C)(CO)C5CCC43C)C2O)C1	C29H48O4		460.355260016	Terpenoids	Triterpenoids	Oleanane triterpenoids	['Verbascum bombyciferum']	['Lamiales']	5	0	5.821833670139313	1
41966	795	1	Terpenoids	0.23097112860892388	Monoterpenoids	0.12860892388451445	Iridoids monoterpenoids	0.08661417322834646	8.0	0.24991551	ISDB	NSOPGAYUGBZWHL	CCC=CCC=CCC=CCCCCCCCC(=O)OCC(O)COC(=O)CCCCCCCC=CCC=CCC=CCC	C39H64O5		612.475375148	Fatty acids	Glycerolipids	Triacylglycerols	['Verbascum bombyciferum']	['Streptophyta']	4	0	4.9996620416641235	1
41950	782	-1							1.0	0.5570907	ISDB	CDEBMQMYQOXDIK								['Verbascum bombyciferum']		0	0	2.228362798690796	1
41948	770	10	Terpenoids	0.3333333333333333	Sesquiterpenoids	0.16666666666666666	Bisabolane sesquiterpenoids	0.16666666666666666	1.0	0.41934225	ISDB	APGVHKPCMRXAPJ	CCCCCC=CCC=CCCCCCCCC(=O)OCC=Cc1cc(OC)c(OCC=C(C)CCC=C(C)C)c(OC)c1	C39H60O5		608.44407502				['Verbascum bombyciferum']	['Streptophyta']	4	0	5.677368998527527	1
41944	766	1	Terpenoids	0.23097112860892388	Monoterpenoids	0.12860892388451445	Iridoids monoterpenoids	0.08661417322834646	4.0	0.22205631	ISDB	MAIRBOUIUZTTQK	CCCCCCCCCCCCCC1=C(c2c(O)cc(O)cc2CCCCCCCCCCCCC)C(=O)C=C(OC)C1=O	C39H62O5		610.459725084	Polyketides	Aromatic polyketides	Catechols with side chains	['Verbascum bombyciferum']	['Streptophyta']	4	0	4.888225257396698	1
41943	764	1	Terpenoids	0.23097112860892388	Monoterpenoids	0.12860892388451445	Iridoids monoterpenoids	0.08661417322834646	1.0	0.42465785	ISDB	NSUHFZHIKMSXME								['Verbascum bombyciferum']		0	0	1.6986314058303833	1
41940	760	1	Terpenoids	0.23097112860892388	Monoterpenoids	0.12860892388451445	Iridoids monoterpenoids	0.08661417322834646	1.0	0.2289534	ISDB	GDQAGTGWIBYTFP								['Verbascum bombyciferum']		0	0	0.9158136248588562	1
41939	742	1	Terpenoids	0.23097112860892388	Monoterpenoids	0.12860892388451445	Iridoids monoterpenoids	0.08661417322834646	1.0	0.42460716	ISDB	NSUHFZHIKMSXME								['Verbascum bombyciferum']		0	0	1.6984286308288574	1
41932	741	1	Terpenoids	0.23097112860892388	Monoterpenoids	0.12860892388451445	Iridoids monoterpenoids	0.08661417322834646	4.0	0.283282	ISDB	MAIRBOUIUZTTQK	CCCCCCCCCCCCCC1=C(c2c(O)cc(O)cc2CCCCCCCCCCCCC)C(=O)C=C(OC)C1=O	C39H62O5		610.459725084	Polyketides	Aromatic polyketides	Catechols with side chains	['Verbascum bombyciferum']	['Streptophyta']	4	0	5.133128046989441	1
41911	707	1	Terpenoids	0.23097112860892388	Monoterpenoids	0.12860892388451445	Iridoids monoterpenoids	0.08661417322834646	5.0	0.34282878	ISDB	FGPOGAUCGOZVPS	CCCCCCC=CC=CCCc1ccc(O)cc1	C18H26O		258.198365452	Polyketides	Aromatic polyketides	Catechols with side chains	['Verbascum bombyciferum']	['Streptophyta']	4	0	5.371315121650696	1
40709	704	1	Terpenoids	0.23097112860892388	Monoterpenoids	0.12860892388451445	Iridoids monoterpenoids	0.08661417322834646	7.0	0.70563334	ISDB	VZCCETWTMQHEPK	CCCCCC=CCC=CCC=CCCCCC(=O)O	C18H30O2		278.2245802	Fatty acids	Fatty Acids and Conjugates	Unsaturated fatty acids	['Verbascum bombyciferum']	['Scrophulariaceae']	6	0	8.822533369064331	1
40704	695	-1							1.0	0.21851315	ISDB	MDAUFUALHVJQPD	CCC=CCC=CCC=CCC=CCCCCC(=O)OCC(COC1OC(CO)C(O)C(O)C1O)OC(=O)CCCCC=CCC=CCC=CCC=CCC	C45H70O10		770.49689844	Fatty acids	Glycerolipids	Glycosyldiacylglycerols	['Verbascum bombyciferum']	['Eukaryota']	1	0	1.8740525841712952	1
40700	694	1	Terpenoids	0.23097112860892388	Monoterpenoids	0.12860892388451445	Iridoids monoterpenoids	0.08661417322834646	1.0	0.38138238	ISDB	APGVHKPCMRXAPJ	CCCCCC=CCC=CCCCCCCCC(=O)OCC=Cc1cc(OC)c(OCC=C(C)CCC=C(C)C)c(OC)c1	C39H60O5		608.44407502				['Verbascum bombyciferum']	['Streptophyta']	4	0	5.525529503822327	1
40682	693	25	Terpenoids	0.5	Fatty Acids and Conjugates	0.5	Hydroxy fatty acids	0.5	8.0	0.5398836	ISDB	YURWZDJEVHQYGV	CCCCCCCCC=CCCCCCCC(O)C(=O)OC	C19H36O3		312.266445012	Fatty acids	Fatty Acids and Conjugates	Hydroxy fatty acids	['Verbascum bombyciferum']	['Lamiales']	5	3	8.659534454345703	1
40677	692	-1							1.0	0.46021426	ISDB	QFIHQWXKTUONPL	CCCCCCCCCCCCCC=CC=CC(N)=O	C18H33NO		279.256214676				['Verbascum bombyciferum']	['Streptophyta']	4	0	5.840857028961182	1
40674	687	1	Terpenoids	0.23097112860892388	Monoterpenoids	0.12860892388451445	Iridoids monoterpenoids	0.08661417322834646	2.0	0.41161287	ISDB	HQPQTQQUHPFUOA	CC(C=CC=O)=CC=CC=C(C)C=CC=C(C)C=CC1=C(C)CC(O)CC1(C)C	C27H36O2		392.271530392	Terpenoids	Apocarotenoids	Apocarotenoids (β-)	['Verbascum bombyciferum']	['Streptophyta']	4	1	6.146451473236084	1
40669	686	1	Terpenoids	0.23097112860892388	Monoterpenoids	0.12860892388451445	Iridoids monoterpenoids	0.08661417322834646	1.0	0.31709436	ISDB	GTBFQOGSRWBGDY	CC12C=CC3(CCC4C(C)(C)C(=O)C(=Cc5ccccc5)CC4(C)C3CC1)C2	C27H34O		374.260965708	Terpenoids	Diterpenoids	Beyerane diterpenoids	['Verbascum bombyciferum']	['Streptophyta']	4	1	5.768377423286438	1
40652	685	1	Terpenoids	0.23097112860892388	Monoterpenoids	0.12860892388451445	Iridoids monoterpenoids	0.08661417322834646	1.0	0.46324077	ISDB	PAUIQDPAEDELMC	CC(C=O)=CC=CC=C(C)C=CC=C(C)C=CC1=C(C)CC(O)CC1(C)C	C25H34O2		366.255880328	Terpenoids	Apocarotenoids	Apocarotenoids (β-)	['Verbascum bombyciferum']	['Streptophyta']	4	1	6.352963089942932	1
40644	680	-1							2.0	0.24927634	ISDB	RLGBUTVIBWFTRW	CC1(O)CC23C=CC1CC2C1(C)CC(C(O)c2ccccc2)C(=O)C(C)(C)C1CC3	C27H36O3		408.266445012	Terpenoids	Diterpenoids	Atisane diterpenoids	['Verbascum bombyciferum']	['Streptophyta']	4	0	4.997105360031128	1
40642	673	6	Fatty acids	0.14285714285714285	Glycerophospholipids	0.14285714285714285	Glycerophosphocholines	0.14285714285714285	1.0	0.7172909	ISDB	HEALIQQDEGDSLS								['Verbascum bombyciferum']		0	0	2.8691635131835938	1
40435	668	1	Terpenoids	0.23097112860892388	Monoterpenoids	0.12860892388451445	Iridoids monoterpenoids	0.08661417322834646	4.0	0.7089602	ISDB	LUZSWWYKKLTDHU	CCCCCC=CC=CC(=O)CCCCCCCC(=O)O	C18H30O3		294.21949482				['Verbascum bombyciferum']	['Lamiales']	5	0	7.835840702056885	1
40240	665	1	Terpenoids	0.23097112860892388	Monoterpenoids	0.12860892388451445	Iridoids monoterpenoids	0.08661417322834646	21.0	0.46407223	ISDB	LUZSWWYKKLTDHU	CCCCCC=CC=CC(=O)CCCCCCCC(=O)O	C18H30O3		294.21949482				['Verbascum bombyciferum']	['Lamiales']	5	0	6.856288909912109	1
40129	664	1	Terpenoids	0.23097112860892388	Monoterpenoids	0.12860892388451445	Iridoids monoterpenoids	0.08661417322834646	12.0	0.6510789	ISDB	JNIPNHCEUZIVID	CCC=CCC=CCC=CCCCCC=CCC(=O)O	C18H28O2		276.208930136	Fatty acids	Fatty Acids and Conjugates	Unsaturated fatty acids	['Verbascum bombyciferum']	['Lamiales']	5	0	7.604315519332886	1
40043	663	1	Terpenoids	0.23097112860892388	Monoterpenoids	0.12860892388451445	Iridoids monoterpenoids	0.08661417322834646	1.0	0.7432573	ISDB	ZCCLDKGWJIREQF	CCC=CCC=CCC=CCCCCCCCC(=O)OC(CO)CO	C21H36O4		352.261359632	Fatty acids	Glycerolipids	Monoacylglycerols	['Verbascum bombyciferum']	['Streptophyta']	4	0	6.973029136657715	1
40041	661	1	Terpenoids	0.23097112860892388	Monoterpenoids	0.12860892388451445	Iridoids monoterpenoids	0.08661417322834646	1.0	0.23280896	ISDB	ZYHCZHIJBQGRNF								['Verbascum bombyciferum']		0	0	0.9312358498573303	1
38839	659	1	Terpenoids	0.23097112860892388	Monoterpenoids	0.12860892388451445	Iridoids monoterpenoids	0.08661417322834646	3.0	0.7787101	ISDB	VZCCETWTMQHEPK	CCCCCC=CCC=CCC=CCCCCC(=O)O	C18H30O2		278.2245802	Fatty acids	Fatty Acids and Conjugates	Unsaturated fatty acids	['Verbascum bombyciferum']	['Scrophulariaceae']	6	0	9.114840507507324	1
38838	656	1	Terpenoids	0.23097112860892388	Monoterpenoids	0.12860892388451445	Iridoids monoterpenoids	0.08661417322834646	1.0	0.21530674	ISDB	ZYHCZHIJBQGRNF								['Verbascum bombyciferum']		0	0	0.8612269759178162	1
38760	655	1	Terpenoids	0.23097112860892388	Monoterpenoids	0.12860892388451445	Iridoids monoterpenoids	0.08661417322834646	1.0	0.76930827	ISDB	ZCCLDKGWJIREQF	CCC=CCC=CCC=CCCCCCCCC(=O)OC(CO)CO	C21H36O4		352.261359632	Fatty acids	Glycerolipids	Monoacylglycerols	['Verbascum bombyciferum']	['Streptophyta']	4	0	7.077233076095581	1
38647	654	-1							10.0	0.5735897	ISDB	BNMYUQILBYIYOG	CCC=CCC(=O)C=CC=CCCCCCCCC(=O)O	C18H28O3		292.203844756	Fatty acids	Octadecanoids	Other Octadecanoids	['Verbascum bombyciferum']	['Lamiales']	5	0	7.294358730316162	1
38641	652	-1							1.0	0.26099578	ISDB	BCNPTKKIVMTZFO	CC(C=CC=C(C)C=CC1=C(C)CC(O)CC1(C)C)=CC=CC=O	C22H30O2		326.2245802	Terpenoids	Apocarotenoids	Apocarotenoids (β-)	['Verbascum bombyciferum']	['Streptophyta']	4	0	5.043983101844788	1
38633	651	20	Fatty acids	0.5	Glycerophospholipids	0.5	Glycerophosphoethanolamines	0.5	2.0	0.57145464	ISDB	DBHKHNGBVGWQJE	CCCCCC=CCC=CCCCCCCCC(=O)OCC(O)COP(=O)(O)OCCN	C23H44NO7P		477.285539378	Fatty acids	Glycerophospholipids	Glycerophosphoethanolamines	['Verbascum bombyciferum']	['Streptophyta']	4	3	7.785818576812744	1
38619	650	10	Terpenoids	0.3333333333333333	Sesquiterpenoids	0.16666666666666666	Bisabolane sesquiterpenoids	0.16666666666666666	1.0	0.37870586	ISDB	MQJPOSCYXGJLPQ	CCC(=O)OCC(C)=CCCC1(C)OC2(C)C=CC1CC2	C18H28O3		292.203844756	Terpenoids	Sesquiterpenoids	Bisabolane sesquiterpenoids	['Verbascum bombyciferum']	['Streptophyta']	4	3	7.0148234367370605	1
38426	649	1	Terpenoids	0.23097112860892388	Monoterpenoids	0.12860892388451445	Iridoids monoterpenoids	0.08661417322834646	38.0	0.30491847	ISDB	XKOIGMCEYNMHJA	C=C(CO)C1C=C2C(OC)CC3C(C)(CO)C(O)CCC3(C)C2CC1	C21H34O4		350.245709568	Terpenoids	Diterpenoids	Pimarane and Isopimarane diterpenoids	['Verbascum bombyciferum']	['Lamiales']	5	1	6.7196738719940186	1
38355	648	1	Terpenoids	0.23097112860892388	Monoterpenoids	0.12860892388451445	Iridoids monoterpenoids	0.08661417322834646	1.0	0.69178665	ISDB	ZCCLDKGWJIREQF	CCC=CCC=CCC=CCCCCCCCC(=O)OC(CO)CO	C21H36O4		352.261359632	Fatty acids	Glycerolipids	Monoacylglycerols	['Verbascum bombyciferum']	['Streptophyta']	4	0	6.767146587371826	1
38244	647	1	Terpenoids	0.23097112860892388	Monoterpenoids	0.12860892388451445	Iridoids monoterpenoids	0.08661417322834646	12.0	0.66368777	ISDB	JNIPNHCEUZIVID	CCC=CCC=CCC=CCCCCC=CCC(=O)O	C18H28O2		276.208930136	Fatty acids	Fatty Acids and Conjugates	Unsaturated fatty acids	['Verbascum bombyciferum']	['Lamiales']	5	0	7.6547510623931885	1
38131	646	1	Terpenoids	0.23097112860892388	Monoterpenoids	0.12860892388451445	Iridoids monoterpenoids	0.08661417322834646	14.0	0.670147	ISDB	JNIPNHCEUZIVID	CCC=CCC=CCC=CCCCCC=CCC(=O)O	C18H28O2		276.208930136	Fatty acids	Fatty Acids and Conjugates	Unsaturated fatty acids	['Verbascum bombyciferum']	['Lamiales']	5	0	7.680588006973267	1
38062	645	1	Terpenoids	0.23097112860892388	Monoterpenoids	0.12860892388451445	Iridoids monoterpenoids	0.08661417322834646	1.0	0.71564883	ISDB	ZCCLDKGWJIREQF	CCC=CCC=CCC=CCCCCCCCC(=O)OC(CO)CO	C21H36O4		352.261359632	Fatty acids	Glycerolipids	Monoacylglycerols	['Verbascum bombyciferum']	['Streptophyta']	4	0	6.862595319747925	1
38057	643	6	Fatty acids	0.14285714285714285	Glycerophospholipids	0.14285714285714285	Glycerophosphocholines	0.14285714285714285	2.0	0.75386065	ISDB	WKQNRCYKYCKESD	CCC=CCC=CCC=CCCCCCCCC(=O)OCC(O)COP(=O)([O-])OCC[N+](C)(C)C	C26H48NO7P		517.316839506	Fatty acids	Glycerophospholipids	Glycerophosphocholines	['Verbascum bombyciferum']	['Streptophyta']	4	3	8.515442609786987	1
37938	641	1	Terpenoids	0.23097112860892388	Monoterpenoids	0.12860892388451445	Iridoids monoterpenoids	0.08661417322834646	1.0	0.7723071	ISDB	HBRFKORKLCCQOQ	CC1=C(O)C(=O)CC2C1(C)CCC1CC(C)(O)CCC12C	C18H28O3		292.203844756	Terpenoids	Diterpenoids	Erythroxylane diterpenoids	['Verbascum bombyciferum']	['Streptophyta']	4	1	7.589228391647339	1
37719	636	1	Terpenoids	0.23097112860892388	Monoterpenoids	0.12860892388451445	Iridoids monoterpenoids	0.08661417322834646	13.0	0.43725774	ISDB	XKOIGMCEYNMHJA	C=C(CO)C1C=C2C(OC)CC3C(C)(CO)C(O)CCC3(C)C2CC1	C21H34O4		350.245709568	Terpenoids	Diterpenoids	Pimarane and Isopimarane diterpenoids	['Verbascum bombyciferum']	['Lamiales']	5	1	7.249030947685242	1
37707	635	21	Fatty acids	1.0	Sphingolipids	1.0	Sphingoid bases	1.0	1.0	0.6407291	ISDB	AERBNCYCJBRYDG	CCCCCCCCCCCCCCC(O)C(O)C(N)CO	C18H39NO3		317.292994108	Fatty acids	Sphingolipids	Sphingoid bases	['Verbascum bombyciferum']	['Streptophyta']	4	3	8.06291651725769	1
37498	632	1	Terpenoids	0.23097112860892388	Monoterpenoids	0.12860892388451445	Iridoids monoterpenoids	0.08661417322834646	24.0	0.3950705	ISDB	XKOIGMCEYNMHJA	C=C(CO)C1C=C2C(OC)CC3C(C)(CO)C(O)CCC3(C)C2CC1	C21H34O4		350.245709568	Terpenoids	Diterpenoids	Pimarane and Isopimarane diterpenoids	['Verbascum bombyciferum']	['Lamiales']	5	1	7.080281972885132	1
37391	631	-1							1.0	0.48790917	ISDB	SOECUQMRSRVZQQ	COC1=C(OC)C(=O)C(CC=C(C)C)=C(C)C1=O	C14H18O4		250.120509056	Terpenoids	Meroterpenoids	Prenyl quinone meroterpenoids	['Verbascum bombyciferum']	['Streptophyta']	4	0	5.9516366720199585	1
37372	630	1	Terpenoids	0.23097112860892388	Monoterpenoids	0.12860892388451445	Iridoids monoterpenoids	0.08661417322834646	2.0	0.30047214	ISDB	RSQWUKMYBGIWCC	COC1CC(C)Oc2cccc(O)c21	C11H14O3		194.094294308	Terpenoids	Meroterpenoids	Meromonoterpenoids	['Verbascum bombyciferum']	['Streptophyta']	4	1	5.701888561248779	1
37367	628	21	Fatty acids	1.0	Sphingolipids	1.0	Sphingoid bases	1.0	1.0	0.6151186	ISDB	CQKNELOTFUSOTP	CCCCCCCCCC=CCCCC(O)C(O)C(N)CO	C18H37NO3		315.277344044	Fatty acids	Sphingolipids	Sphingoid bases	['Verbascum bombyciferum']	['Streptophyta']	4	3	7.960474491119385	1
37287	627	1	Terpenoids	0.23097112860892388	Monoterpenoids	0.12860892388451445	Iridoids monoterpenoids	0.08661417322834646	5.0	0.5166725	ISDB	IHFRPKCRDFDADJ	C=C1C(=O)C=CC2C1(C)CCC1CC(C)(O)CCC12C	C18H26O2		274.193280072	Terpenoids	Diterpenoids	Erythroxylane diterpenoids	['Verbascum bombyciferum']	['Streptophyta']	4	1	6.566689968109131	1
37283	625	-1							2.0	0.317343	ISDB	GGEHGIPZDUKHHM	CC(=O)OC1C2C(CC3(C)CCCC(C)(O)C13)OC(=O)C2C	C17H26O5		310.178023932	Terpenoids	Sesquiterpenoids	Eudesmane sesquiterpenoids	['Verbascum bombyciferum']	['Streptophyta']	4	0	5.26937198638916	1
37217	624	-1							12.0	0.4168922	ISDB	WMAMGZISNJIRAE	CCCCCC=CCC#CC#CCCCCCC(=O)O	C18H26O2		274.193280072	Fatty acids	Fatty Acids and Conjugates	Unsaturated fatty acids	['Verbascum bombyciferum']	['Streptophyta']	4	0	5.667568802833557	1
37078	623	-1							5.0	0.3572092	ISDB	NSVMMMROPMMCOH	CCCCCCC=CC=CC#CC#CCC=CCO	C18H24O		256.182715388	Fatty acids	Fatty acyls	Fatty alcohols	['Verbascum bombyciferum']	['Streptophyta']	4	0	5.428836822509766	1
36865	622	1	Terpenoids	0.23097112860892388	Monoterpenoids	0.12860892388451445	Iridoids monoterpenoids	0.08661417322834646	18.0	0.6329912	ISDB	LUZSWWYKKLTDHU	CCCCCC=CC=CC(=O)CCCCCCCC(=O)O	C18H30O3		294.21949482				['Verbascum bombyciferum']	['Lamiales']	5	0	7.5319647789001465	1
36808	615	1	Terpenoids	0.23097112860892388	Monoterpenoids	0.12860892388451445	Iridoids monoterpenoids	0.08661417322834646	19.0	0.2996476	ISDB	XHUGGGNADRQBIR	CC(=O)C1CCC23C=CC(C)(CCC2C1(C)CC(=O)O)C3	C18H26O3		290.188194692	Terpenoids	Diterpenoids	Secokaurane diterpenoids	['Verbascum bombyciferum']	['Lamiales']	5	1	6.698590397834778	1
36707	611	25	Terpenoids	0.5	Fatty Acids and Conjugates	0.5	Hydroxy fatty acids	0.5	12.0	0.49502176	ISDB	DSXFEBWYDMBLBH	COc1cc2c(cc1C)C(O)C(O)CC2C	C13H18O3		222.125594436	Terpenoids			['Verbascum bombyciferum']	['Streptophyta']	4	1	6.480087041854858	1
36626	609	1	Terpenoids	0.23097112860892388	Monoterpenoids	0.12860892388451445	Iridoids monoterpenoids	0.08661417322834646	15.0	0.28812563	ISDB	XHUGGGNADRQBIR	CC(=O)C1CCC23C=CC(C)(CCC2C1(C)CC(=O)O)C3	C18H26O3		290.188194692	Terpenoids	Diterpenoids	Secokaurane diterpenoids	['Verbascum bombyciferum']	['Lamiales']	5	1	6.652502536773682	1
36597	608	18	Shikimates and Phenylpropanoids	0.3333333333333333	Lignans	0.3333333333333333	Flavones	0.3333333333333333	3.0	0.69505644	ISDB	OJUFMXZXXZASBJ	COc1cc(C2Oc3cc(O)c4c(=O)cc(-c5ccc(O)cc5)oc4c3OC2CO)ccc1O	C25H20O9		464.11073222	Shikimates and Phenylpropanoids	Flavonoids	Flavones	['Verbascum bombyciferum']	['Lamiales']	5	3	9.28022575378418	1
36498	607	-1							2.0	0.50799	ISDB	LLUGDEYQSVTJSI	Cc1cc2c(cc1O)C=C1CCC(O)C(C)(C)C1CC2	C18H24O2		272.177630008	Terpenoids	Diterpenoids	Abeoabietane diterpenoids	['Verbascum bombyciferum']	['Streptophyta']	4	0	6.0319600105285645	1
36396	603	1	Terpenoids	0.23097112860892388	Monoterpenoids	0.12860892388451445	Iridoids monoterpenoids	0.08661417322834646	3.0	0.70790976	ISDB	IUFQXXXVUIYVOZ	CC1=COC(=O)C2C(C)CCCC12	C11H16O2		180.115029752	Terpenoids	Monoterpenoids	Iridoids monoterpenoids	['Verbascum bombyciferum']	['Lamiales']	5	3	9.331639051437378	1
36353	596	1	Terpenoids	0.23097112860892388	Monoterpenoids	0.12860892388451445	Iridoids monoterpenoids	0.08661417322834646	8.0	0.6558305	ISDB	VFNUNYPYULIJSN	CC(C)c1ccc(C(C)C)c(O)c1	C12H18O		178.135765196	Terpenoids	Monoterpenoids	Menthane monoterpenoids	['Verbascum bombyciferum']	['Lamiales']	5	2	8.623322010040283	1
33019	592	1	Terpenoids	0.23097112860892388	Monoterpenoids	0.12860892388451445	Iridoids monoterpenoids	0.08661417322834646	129.0	0.58137536	ISDB	FRMCCTDTYSRUBE	C=C1CCC2C(C3C1CCC3(C)O)C2(C)C	C15H24O		220.182715388	Terpenoids	Sesquiterpenoids	Aromadendrane sesquiterpenoids	['Verbascum bombyciferum']	['Scrophulariaceae']	6	1	8.825501441955566	1
32085	591	1	Terpenoids	0.23097112860892388	Monoterpenoids	0.12860892388451445	Iridoids monoterpenoids	0.08661417322834646	4.0	0.6817367	ISDB	LVIDDMJSLAVTSZ	Cc1ccc(C(C)C)c2c1CCC(C)C2	C15H22		202.172150704	Terpenoids	Sesquiterpenoids	Cadinane sesquiterpenoids	['Verbascum bombyciferum']	['Lamiales']	5	1	8.226946830749512	1
31151	584	1	Terpenoids	0.23097112860892388	Monoterpenoids	0.12860892388451445	Iridoids monoterpenoids	0.08661417322834646	2.0	0.7067185	ISDB	LVIDDMJSLAVTSZ	Cc1ccc(C(C)C)c2c1CCC(C)C2	C15H22		202.172150704	Terpenoids	Sesquiterpenoids	Cadinane sesquiterpenoids	['Verbascum bombyciferum']	['Lamiales']	5	1	8.326874017715454	1
31149	575	1	Terpenoids	0.23097112860892388	Monoterpenoids	0.12860892388451445	Iridoids monoterpenoids	0.08661417322834646	1.0	0.0	MS1_match	VELYAQRXBJLJAK	CC1(O)CC(O)C2C=COC(OC3OC(CO)C(O)C(O)C3O)C21	C15H24O9	pos_1_1proton1ethylamine	348.142032348	Terpenoids	Monoterpenoids	Iridoids monoterpenoids	['Verbascum bombyciferum']	['Verbascum bombyciferum']	8	3	9.5	1
31120	567	1	Terpenoids	0.23097112860892388	Monoterpenoids	0.12860892388451445	Iridoids monoterpenoids	0.08661417322834646	3.0	0.6423032	ISDB	XSNMUAUBDFNEIO	COc1cnc(C(C)CO)c2[nH]c3ccccc3c12	C15H16N2O2		256.121177752	Alkaloids	Tryptophan alkaloids	Carboline alkaloids	['Verbascum bombyciferum']	['Streptophyta']	4	0	6.569212913513184	1
31073	564	-1							1.0	0.76089346	ISDB	YYBMBBAPYWDAJX	Cn1c(=O)c2c(c3cccc(O)c31)OC(C)(C)C=C2	C15H15NO3		257.10519334	Alkaloids	Anthranilic acid alkaloids	Quinoline alkaloids	['Verbascum bombyciferum']	['Streptophyta']	4	0	7.04357385635376	1
30917	562	1	Terpenoids	0.23097112860892388	Monoterpenoids	0.12860892388451445	Iridoids monoterpenoids	0.08661417322834646	4.0	0.4302406	ISDB	POIARNZEYGURDG	CC=CC(=O)C1=C(C)C=CCC1(C)C	C13H18O		190.135765196	Terpenoids	Apocarotenoids	Apocarotenoids (β-)	['Verbascum bombyciferum']	['Lamiales']	5	1	7.220962405204773	1
30914	560	24	Alkaloids	0.5					1.0	0.5082922	ISDB	TVKRNRXCYDYICD	CCCC(C)(O)C1CC(C)CC2(CN3CCCC3C(C)(O)C2O)O1	C19H35NO4		341.2566086	Alkaloids			['Verbascum bombyciferum']	['Eukaryota']	1	1	3.5331687927246094	1
30871	554	1	Terpenoids	0.23097112860892388	Monoterpenoids	0.12860892388451445	Iridoids monoterpenoids	0.08661417322834646	9.0	0.6347421	ISDB	VFNUNYPYULIJSN	CC(C)c1ccc(C(C)C)c(O)c1	C12H18O		178.135765196	Terpenoids	Monoterpenoids	Menthane monoterpenoids	['Verbascum bombyciferum']	['Lamiales']	5	2	8.538968324661255	1
30844	533	1	Terpenoids	0.23097112860892388	Monoterpenoids	0.12860892388451445	Iridoids monoterpenoids	0.08661417322834646	1.0	0.60980004	ISDB	KVRQQFBSAHPTAB	C=C(C(=O)OC1OC(CO)C(O)C(O)C1O)C(O)CO	C11H18O9		294.095082156	Fatty acids	Fatty acyl glycosides	Fatty acyl glycosides of mono- and disaccharides	['Verbascum bombyciferum']	['Streptophyta']	4	0	6.439200162887573	1
28459	528	1	Terpenoids	0.23097112860892388	Monoterpenoids	0.12860892388451445	Iridoids monoterpenoids	0.08661417322834646	10.0	0.66470593	ISDB	PDEQKAVEYSOLJX	CC(=CCCC1(C)C2CC3C(C2)C31C)CO	C15H24O		220.182715388	Terpenoids	Monoterpenoids	Camphane monoterpenoids	['Verbascum bombyciferum']	['Lamiales']	5	2	8.658823728561401	1
27520	527	1	Terpenoids	0.23097112860892388	Monoterpenoids	0.12860892388451445	Iridoids monoterpenoids	0.08661417322834646	3.0	0.7243688	ISDB	LVIDDMJSLAVTSZ	Cc1ccc(C(C)C)c2c1CCC(C)C2	C15H22		202.172150704	Terpenoids	Sesquiterpenoids	Cadinane sesquiterpenoids	['Verbascum bombyciferum']	['Lamiales']	5	1	8.397475242614746	1
27283	524	-1							3.0	0.6149146	ISDB	TYFZMRKBYCICTC	OCc1cc(O)c(O)cc1CC1(O)COc2cc(O)ccc21	C16H16O6		304.094688232	Shikimates and Phenylpropanoids			['Verbascum bombyciferum']	['Streptophyta']	4	0	6.45965838432312	1
27241	522	10	Terpenoids	0.3333333333333333	Sesquiterpenoids	0.16666666666666666	Bisabolane sesquiterpenoids	0.16666666666666666	2.0	0.27298456	ISDB	IMKHDCBNRDRUEB	CC1(C)CCCC2(C)OC(=O)C=C12	C11H16O2		180.115029752	Terpenoids	Apocarotenoids	Apocarotenoids (β-)	['Verbascum bombyciferum']	['Lamiales']	5	1	6.591938257217407	1
27239	512	1	Terpenoids	0.23097112860892388	Monoterpenoids	0.12860892388451445	Iridoids monoterpenoids	0.08661417322834646	1.0	0.7554507	ISDB	DBULDXXXNYFHIC	Cc1cccc2oc(=O)cc(OC3OC(COC4OC(C)C(O)C(O)C4O)C(O)C(O)C3O)c12	C22H28O12		484.1580763359999	Shikimates and Phenylpropanoids	Coumarins	Simple coumarins	['Verbascum bombyciferum']	['Streptophyta']	4	0	7.02180290222168	1
27236	510	1	Terpenoids	0.23097112860892388	Monoterpenoids	0.12860892388451445	Iridoids monoterpenoids	0.08661417322834646	2.0	0.6910637	ISDB	BNOTVQGTWXPTHW	COC(=O)CC(OC(=O)C=Cc1ccc(O)c(OC)c1)C(=O)OC	C16H18O8		338.100167536	Shikimates and Phenylpropanoids	Phenylpropanoids (C6-C3)	Cinnamic acids and derivatives	['Verbascum bombyciferum']	['Streptophyta']	4	0	6.764254808425903	1
25920	508	1	Terpenoids	0.23097112860892388	Monoterpenoids	0.12860892388451445	Iridoids monoterpenoids	0.08661417322834646	1.0	0.6203618	ISDB	KSEBMYQBYZTDHS	COc1cc(C=CC(=O)O)ccc1O	C10H10O4		194.0579088	Shikimates and Phenylpropanoids	Phenylpropanoids (C6-C3)	Cinnamic acids and derivatives	['Verbascum bombyciferum']	['Scrophulariaceae']	6	0	8.481447219848633	1
25918	503	1	Terpenoids	0.23097112860892388	Monoterpenoids	0.12860892388451445	Iridoids monoterpenoids	0.08661417322834646	1.0	0.0	MS1_match	XUWSHXDEJOOIND	CC1(O)CC(O)C2(O)C=COC(OC3OC(CO)C(O)C(O)C3O)C12	C15H24O10	pos_1_1proton1ethylamine	364.136946968	Terpenoids	Monoterpenoids	Iridoids monoterpenoids	['Verbascum bombyciferum']	['Verbascum bombyciferum']	8	3	9.5	1
23542	494	1	Terpenoids	0.23097112860892388	Monoterpenoids	0.12860892388451445	Iridoids monoterpenoids	0.08661417322834646	7.0	0.66518545	ISDB	PDEQKAVEYSOLJX	CC(=CCCC1(C)C2CC3C(C2)C31C)CO	C15H24O		220.182715388	Terpenoids	Monoterpenoids	Camphane monoterpenoids	['Verbascum bombyciferum']	['Lamiales']	5	2	8.660741806030273	1
23382	490	1	Terpenoids	0.23097112860892388	Monoterpenoids	0.12860892388451445	Iridoids monoterpenoids	0.08661417322834646	4.0	0.40015104	ISDB	POIARNZEYGURDG	CC=CC(=O)C1=C(C)C=CCC1(C)C	C13H18O		190.135765196	Terpenoids	Apocarotenoids	Apocarotenoids (β-)	['Verbascum bombyciferum']	['Lamiales']	5	1	7.100604176521301	1
23380	487	1	Terpenoids	0.23097112860892388	Monoterpenoids	0.12860892388451445	Iridoids monoterpenoids	0.08661417322834646	1.0	0.6945449	ISDB	BNOTVQGTWXPTHW	COC(=O)CC(OC(=O)C=Cc1ccc(O)c(OC)c1)C(=O)OC	C16H18O8		338.100167536	Shikimates and Phenylpropanoids	Phenylpropanoids (C6-C3)	Cinnamic acids and derivatives	['Verbascum bombyciferum']	['Streptophyta']	4	0	6.77817964553833	1
23378	484	1	Terpenoids	0.23097112860892388	Monoterpenoids	0.12860892388451445	Iridoids monoterpenoids	0.08661417322834646	2.0	0.32029325	ISDB	XRIDGQVLGQMCMX	COc1cc(C=CC(=O)OCC2OC(=O)CC2O)ccc1O	C15H16O7		308.089602852	Shikimates and Phenylpropanoids	Phenylpropanoids (C6-C3)	Cinnamic acids and derivatives	['Verbascum bombyciferum']	['Streptophyta']	4	0	5.28117299079895	1
23149	477	3	Shikimates and Phenylpropanoids	0.1111111111111111	Isoflavonoids	0.1111111111111111	Isoflavanones	0.1111111111111111	1.0	0.40451452	ISDB	LBQIJVLKGVZRIW	CC1(C)C=Cc2c(ccc3c2OCC(c2ccc(O)cc2O)C3)O1	C20H20O4		324.13615911999995	Shikimates and Phenylpropanoids	Isoflavonoids	Isoflavanones	['Verbascum bombyciferum']	['Streptophyta']	4	3	7.118058085441589	1
23147	474	1	Terpenoids	0.23097112860892388	Monoterpenoids	0.12860892388451445	Iridoids monoterpenoids	0.08661417322834646	2.0	0.20218845	ISDB	PAPGAOZQPFDLRG	CC1(C2CCC(=O)O2)Oc2cc(CO)cc(O)c2C(=O)C1O	C15H16O7		308.0896028519999	Polyketides	Chromanes	Chromones	['Verbascum bombyciferum']	['Eukaryota']	1	0	1.808753788471222	1
23145	469	1	Terpenoids	0.23097112860892388	Monoterpenoids	0.12860892388451445	Iridoids monoterpenoids	0.08661417322834646	1.0	0.0	MS1_match	KVRQGMOSZKPBNS	CC1(OC(=O)C=Cc2ccccc2)CC(O)C2(O)C=COC(OC3OC(CO)C(O)C(O)C3O)C12	C24H30O11	pos_1_1sodium	494.17881178	Terpenoids	Monoterpenoids	Iridoids monoterpenoids	['Verbascum bombyciferum']	['Verbascum bombyciferum']	8	3	9.5	1
23143	468	1	Terpenoids	0.23097112860892388	Monoterpenoids	0.12860892388451445	Iridoids monoterpenoids	0.08661417322834646	1.0	0.0	MS1_match	KVRQGMOSZKPBNS	CC1(OC(=O)C=Cc2ccccc2)CC(O)C2(O)C=COC(OC3OC(CO)C(O)C(O)C3O)C12	C24H30O11	pos_1_1proton1ammonium	494.17881178	Terpenoids	Monoterpenoids	Iridoids monoterpenoids	['Verbascum bombyciferum']	['Verbascum bombyciferum']	8	3	9.5	1
22973	460	1	Terpenoids	0.23097112860892388	Monoterpenoids	0.12860892388451445	Iridoids monoterpenoids	0.08661417322834646	3.0	0.5368054	ISDB	GZARMOBQFMOKEQ	CC(=O)c1ccc2c(c1)CC(C1(C)CO1)O2	C13H14O3		218.094294308	Terpenoids	Meroterpenoids		['Verbascum bombyciferum']	['Streptophyta']	4	1	6.647221565246582	1
22467	457	1	Terpenoids	0.23097112860892388	Monoterpenoids	0.12860892388451445	Iridoids monoterpenoids	0.08661417322834646	4.0	0.54765284	ISDB	AUJXJFHANFIVKH	COC(=O)C=Cc1ccc(O)c(OC)c1	C11H12O4		208.073558864	Shikimates and Phenylpropanoids	Phenylpropanoids (C6-C3)	Cinnamic acids and derivatives	['Verbascum bombyciferum']	['Scrophulariaceae']	6	0	8.190611362457275	1
22038	456	1	Terpenoids	0.23097112860892388	Monoterpenoids	0.12860892388451445	Iridoids monoterpenoids	0.08661417322834646	20.0	0.31112286	ISDB	VCHHFAUHGLYASU	Cc1cc(O)c(C(C)C)c(C(C)C)c1	C13H20O		192.15141526	Terpenoids	Monoterpenoids	Menthane monoterpenoids	['Verbascum bombyciferum']	['Lamiales']	5	2	7.244491457939148	1
21865	453	11	Alkaloids	0.5	Lysine alkaloids	0.5	Indolizidine alkaloids	0.5	6.0	0.7288825	ISDB	CLJMUGBMMVBGHE	O=C(O)C1CN2C(CO)C(O)C(O)C(O)C2N1	C9H16N2O6		248.100836232	Alkaloids	Lysine alkaloids	Indolizidine alkaloids	['Verbascum bombyciferum']	['Lamiales']	5	3	9.41552996635437	1
21248	452	1	Terpenoids	0.23097112860892388	Monoterpenoids	0.12860892388451445	Iridoids monoterpenoids	0.08661417322834646	2.0	0.6406075	ISDB	DKZBBWMURDFHNE	COc1cc(C=CC=O)ccc1O	C10H10O3		178.06299418	Shikimates and Phenylpropanoids	Phenylpropanoids (C6-C3)	Cinnamic acids and derivatives	['Verbascum bombyciferum']	['Scrophulariaceae']	6	0	8.562429904937744	1
21229	451	1	Terpenoids	0.23097112860892388	Monoterpenoids	0.12860892388451445	Iridoids monoterpenoids	0.08661417322834646	1.0	0.8458019	ISDB	OIIJXQMSEYQDDI	Cc1ccc(C)c2c1CCCC2C	C13H18		174.140850576	Terpenoids	Sesquiterpenoids	Cadinane sesquiterpenoids	['Verbascum bombyciferum']	['Streptophyta']	4	1	7.883207559585571	1
21227	446	1	Terpenoids	0.23097112860892388	Monoterpenoids	0.12860892388451445	Iridoids monoterpenoids	0.08661417322834646	1.0	0.7635759	ISDB	DBULDXXXNYFHIC	Cc1cccc2oc(=O)cc(OC3OC(COC4OC(C)C(O)C(O)C4O)C(O)C(O)C3O)c12	C22H28O12		484.1580763359999	Shikimates and Phenylpropanoids	Coumarins	Simple coumarins	['Verbascum bombyciferum']	['Streptophyta']	4	0	7.0543036460876465	1
21224	445	1	Terpenoids	0.23097112860892388	Monoterpenoids	0.12860892388451445	Iridoids monoterpenoids	0.08661417322834646	2.0	0.69897187	ISDB	BNOTVQGTWXPTHW	COC(=O)CC(OC(=O)C=Cc1ccc(O)c(OC)c1)C(=O)OC	C16H18O8		338.100167536	Shikimates and Phenylpropanoids	Phenylpropanoids (C6-C3)	Cinnamic acids and derivatives	['Verbascum bombyciferum']	['Streptophyta']	4	0	6.795887470245361	1
19759	443	1	Terpenoids	0.23097112860892388	Monoterpenoids	0.12860892388451445	Iridoids monoterpenoids	0.08661417322834646	1.0	0.65538704	ISDB	KSEBMYQBYZTDHS	COc1cc(C=CC(=O)O)ccc1O	C10H10O4		194.0579088	Shikimates and Phenylpropanoids	Phenylpropanoids (C6-C3)	Cinnamic acids and derivatives	['Verbascum bombyciferum']	['Scrophulariaceae']	6	0	8.621548175811768	1
19747	432	1	Terpenoids	0.23097112860892388	Monoterpenoids	0.12860892388451445	Iridoids monoterpenoids	0.08661417322834646	3.0	0.35530108	ISDB	ZFNVDHOSLNRHNN	CC(C=O)Cc1ccc(C(C)C)cc1	C13H18O		190.135765196	Terpenoids	Monoterpenoids	Menthane monoterpenoids	['Verbascum bombyciferum']	['Streptophyta']	4	2	6.421204328536987	1
19741	424	1	Terpenoids	0.23097112860892388	Monoterpenoids	0.12860892388451445	Iridoids monoterpenoids	0.08661417322834646	2.0	0.24150586	ISDB	XRIDGQVLGQMCMX	COc1cc(C=CC(=O)OCC2OC(=O)CC2O)ccc1O	C15H16O7		308.089602852	Shikimates and Phenylpropanoids	Phenylpropanoids (C6-C3)	Cinnamic acids and derivatives	['Verbascum bombyciferum']	['Streptophyta']	4	0	4.9660234451293945	1
19453	423	1	Terpenoids	0.23097112860892388	Monoterpenoids	0.12860892388451445	Iridoids monoterpenoids	0.08661417322834646	40.0	0.3518844	ISDB	CKLJWMXFSCHRER	COC1OC=C(C=O)C2CCC(C)C12	C11H16O3		196.109944372	Terpenoids	Monoterpenoids	Iridoids monoterpenoids	['Verbascum bombyciferum']	['Lamiales']	5	3	7.907537579536438	1
19017	422	1	Terpenoids	0.23097112860892388	Monoterpenoids	0.12860892388451445	Iridoids monoterpenoids	0.08661417322834646	3.0	0.65480304	ISDB	VEPJYMZVLHBTJT	CC1CCC=C2C(=O)C=CC(O)C21	C11H14O2		178.099379688	Terpenoids			['Verbascum bombyciferum']	['Lamiales']	5	1	8.11921215057373	1
18987	419	1	Terpenoids	0.23097112860892388	Monoterpenoids	0.12860892388451445	Iridoids monoterpenoids	0.08661417322834646	2.0	0.25856566	ISDB	SZOPSAFLRCYJCX	CC1=CC(=O)CC(C)(C)C1C=CC(C)OC1OC(CO)C(O)C(O)C1O	C19H30O7		370.1991532999999	Terpenoids	Apocarotenoids	Megastigmanes	['Verbascum bombyciferum']	['Lamiales']	5	1	6.534262657165527	1
18968	408	1	Terpenoids	0.23097112860892388	Monoterpenoids	0.12860892388451445	Iridoids monoterpenoids	0.08661417322834646	1.0	0.8257188	ISDB	YUDPTGPSBJVHCN	Cc1cc(=O)oc2cc(OC3OC(CO)C(O)C(O)C3O)ccc12	C16H18O8		338.100167536	Shikimates and Phenylpropanoids	Coumarins	Simple coumarins	['Verbascum bombyciferum']	['Streptophyta']	4	0	7.302875280380249	1
18913	406	1	Terpenoids	0.23097112860892388	Monoterpenoids	0.12860892388451445	Iridoids monoterpenoids	0.08661417322834646	3.0	0.37355876	ISDB	UYGBSRJODQHNLQ	Cc1cc(C=O)cc(C)c1O	C9H10O2		150.06807956	Terpenoids			['Verbascum bombyciferum']	['Lamiales']	5	1	6.994235038757324	1
18757	405	1	Terpenoids	0.23097112860892388	Monoterpenoids	0.12860892388451445	Iridoids monoterpenoids	0.08661417322834646	9.0	0.4615807	ISDB	ZGQPPXFOPXPHJR	CC(=O)c1cc(O)c2c(c1)C=CC(C)(C)O2	C13H14O3		218.094294308	Terpenoids	Meroterpenoids	Merohemiterpenoids	['Verbascum bombyciferum']	['Streptophyta']	4	1	6.346322774887085	1
18748	398	1	Terpenoids	0.23097112860892388	Monoterpenoids	0.12860892388451445	Iridoids monoterpenoids	0.08661417322834646	2.0	0.8863487	ISDB	YHDXKMHPOOQARK	CC1OC(OCC2OC(Oc3ccc4ccc(=O)oc4c3)C(O)C(O)C2O)C(O)C(O)C1O	C21H26O12		470.142426272	Shikimates and Phenylpropanoids	Coumarins	Simple coumarins	['Verbascum bombyciferum']	['Streptophyta']	4	0	7.5453948974609375	1
18707	397	1	Terpenoids	0.23097112860892388	Monoterpenoids	0.12860892388451445	Iridoids monoterpenoids	0.08661417322834646	2.0	0.9413301	ISDB	VPAOSFFTKWUGAD	O=c1ccc2ccc(OC3OC(CO)C(O)C(O)C3O)cc2o1	C15H16O8		324.084517472	Shikimates and Phenylpropanoids	Coumarins	Simple coumarins	['Verbascum bombyciferum']	['Streptophyta']	4	0	7.765320301055908	1
18705	395	1	Terpenoids	0.23097112860892388	Monoterpenoids	0.12860892388451445	Iridoids monoterpenoids	0.08661417322834646	1.0	0.7616685	ISDB	DPTUTXWBBUARQB	O=c1ccc2cccc(O)c2o1	C9H6O3		162.031694052	Shikimates and Phenylpropanoids	Coumarins	Simple coumarins	['Verbascum bombyciferum']	['Streptophyta']	4	0	7.046674013137817	1
18522	393	11	Alkaloids	0.5	Lysine alkaloids	0.5	Indolizidine alkaloids	0.5	3.0	0.74531347	ISDB	CLJMUGBMMVBGHE	O=C(O)C1CN2C(CO)C(O)C(O)C(O)C2N1	C9H16N2O6		248.100836232	Alkaloids	Lysine alkaloids	Indolizidine alkaloids	['Verbascum bombyciferum']	['Lamiales']	5	3	9.481253862380981	1
17347	386	1	Terpenoids	0.23097112860892388	Monoterpenoids	0.12860892388451445	Iridoids monoterpenoids	0.08661417322834646	205.0	0.34219745	ISDB	BSUGIIZTULADOL	C=C(C)C1CC(=O)C2=CCCC(C)C2(C)C1	C15H22O		218.167065324	Terpenoids	Sesquiterpenoids	Eremophilane sesquiterpenoids	['Verbascum bombyciferum']	['Scrophulariaceae']	6	1	7.868789792060852	1
17328	385	1	Terpenoids	0.23097112860892388	Monoterpenoids	0.12860892388451445	Iridoids monoterpenoids	0.08661417322834646	1.0	0.8359922	ISDB	OIIJXQMSEYQDDI	Cc1ccc(C)c2c1CCCC2C	C13H18		174.140850576	Terpenoids	Sesquiterpenoids	Cadinane sesquiterpenoids	['Verbascum bombyciferum']	['Streptophyta']	4	1	7.843968868255615	1
17090	382	1	Terpenoids	0.23097112860892388	Monoterpenoids	0.12860892388451445	Iridoids monoterpenoids	0.08661417322834646	3.0	0.538027	ISDB	XEVQXKKKAVVSMW	CC1(C)CC(O)CC2(C)OC(=O)C=C12	C11H16O3		196.109944372	Terpenoids	Apocarotenoids	Apocarotenoids (β-)	['Verbascum bombyciferum']	['Lamiales']	5	1	7.6521079540252686	1
15470	376	1	Terpenoids	0.23097112860892388	Monoterpenoids	0.12860892388451445	Iridoids monoterpenoids	0.08661417322834646	4.0	0.58432394	ISDB	FBSKJMQYURKNSU	CC1OC(OC2C(O)C(OCCc3ccc(O)c(O)c3)OC(CO)C2OC(=O)C=Cc2ccc(O)c(O)c2)C(O)C(O)C1O	C29H36O15		624.205420452	Shikimates and Phenylpropanoids	Phenylethanoids (C6-C2)	Phenylethanoids	['Verbascum bombyciferum']	['Verbascum']	7	0	9.337295770645142	1
15249	374	1	Terpenoids	0.23097112860892388	Monoterpenoids	0.12860892388451445	Iridoids monoterpenoids	0.08661417322834646	2.0	0.5914785	ISDB	UHIGZYLCYRQESL	O=C(C=Cc1ccc(O)c(O)c1)OC1C(CO)OC(OCCc2ccc(O)c(O)c2)C(O)C1O	C23H26O11		478.1475116519999	Shikimates and Phenylpropanoids	Phenylpropanoids (C6-C3)	Cinnamic acids and derivatives	['Verbascum bombyciferum']	['Scrophulariaceae']	6	0	8.365914106369019	1
15246	373	1	Terpenoids	0.23097112860892388	Monoterpenoids	0.12860892388451445	Iridoids monoterpenoids	0.08661417322834646	2.0	0.88564247	ISDB	YHDXKMHPOOQARK	CC1OC(OCC2OC(Oc3ccc4ccc(=O)oc4c3)C(O)C(O)C2O)C(O)C(O)C1O	C21H26O12		470.142426272	Shikimates and Phenylpropanoids	Coumarins	Simple coumarins	['Verbascum bombyciferum']	['Streptophyta']	4	0	7.542569875717163	1
15211	372	1	Terpenoids	0.23097112860892388	Monoterpenoids	0.12860892388451445	Iridoids monoterpenoids	0.08661417322834646	4.0	0.56369925	ISDB	OONDLKCAZJZRCW	O=C(C=Cc1ccc(O)c(O)c1)OCC1OC(Oc2ccc(O)cc2)C(O)C(O)C1O	C21H22O10		434.1212969039998	Shikimates and Phenylpropanoids	Phenylpropanoids (C6-C3)	Cinnamic acids and derivatives	['Verbascum bombyciferum']	['Lamiales']	5	0	7.254796981811523	1
15207	371	1	Terpenoids	0.23097112860892388	Monoterpenoids	0.12860892388451445	Iridoids monoterpenoids	0.08661417322834646	3.0	0.20648374	ISDB	CTGMCYNSUYQXFH	COC(=O)CC(OC(=O)C=Cc1ccc(O)c(OC)c1)C(=O)O	C15H16O8		324.084517472	Shikimates and Phenylpropanoids	Phenylpropanoids (C6-C3)	Cinnamic acids and derivatives	['Verbascum bombyciferum']	['Streptophyta']	4	0	4.825934946537018	1
15202	370	1	Terpenoids	0.23097112860892388	Monoterpenoids	0.12860892388451445	Iridoids monoterpenoids	0.08661417322834646	2.0	0.3207938	ISDB	XRIDGQVLGQMCMX	COc1cc(C=CC(=O)OCC2OC(=O)CC2O)ccc1O	C15H16O7		308.089602852	Shikimates and Phenylpropanoids	Phenylpropanoids (C6-C3)	Cinnamic acids and derivatives	['Verbascum bombyciferum']	['Streptophyta']	4	0	5.283175230026245	1
15200	367	1	Terpenoids	0.23097112860892388	Monoterpenoids	0.12860892388451445	Iridoids monoterpenoids	0.08661417322834646	1.0	0.75616086	ISDB	DPTUTXWBBUARQB	O=c1ccc2cccc(O)c2o1	C9H6O3		162.031694052	Shikimates and Phenylpropanoids	Coumarins	Simple coumarins	['Verbascum bombyciferum']	['Streptophyta']	4	0	7.024643421173096	1
15198	357	1	Terpenoids	0.23097112860892388	Monoterpenoids	0.12860892388451445	Iridoids monoterpenoids	0.08661417322834646	1.0	0.6795394	ISDB	BNOTVQGTWXPTHW	COC(=O)CC(OC(=O)C=Cc1ccc(O)c(OC)c1)C(=O)OC	C16H18O8		338.100167536	Shikimates and Phenylpropanoids	Phenylpropanoids (C6-C3)	Cinnamic acids and derivatives	['Verbascum bombyciferum']	['Streptophyta']	4	0	6.718157529830933	1
15178	356	1	Terpenoids	0.23097112860892388	Monoterpenoids	0.12860892388451445	Iridoids monoterpenoids	0.08661417322834646	1.0	0.66375005	ISDB	WPNYKVVEDMUXTO	COC(=O)C=Cc1ccc2c(c1)OCO2	C11H10O4		206.0579088	Shikimates and Phenylpropanoids	Phenylpropanoids (C6-C3)	Cinnamic acids and derivatives	['Verbascum bombyciferum']	['Streptophyta']	4	0	6.65500020980835	1
15172	355	1	Terpenoids	0.23097112860892388	Monoterpenoids	0.12860892388451445	Iridoids monoterpenoids	0.08661417322834646	1.0	0.30076072	ISDB	LFIPWJLWVGROTL	Cc1ccc(O)c2oc(=O)ccc12	C10H8O3		176.047344116	Shikimates and Phenylpropanoids	Coumarins	Simple coumarins	['Verbascum bombyciferum']	['Streptophyta']	4	0	5.2030428647994995	1
15171	354	1	Terpenoids	0.23097112860892388	Monoterpenoids	0.12860892388451445	Iridoids monoterpenoids	0.08661417322834646	1.0	0.41427466	ISDB	HVMSPHGUKBLNCL								['Verbascum bombyciferum']		0	0	1.657098650932312	1
15169	346	1	Terpenoids	0.23097112860892388	Monoterpenoids	0.12860892388451445	Iridoids monoterpenoids	0.08661417322834646	1.0	0.0	MS1_match	LHDWRKICQLTVDL	OCC1OC(OC2OC=CC3C(O)C4OC4(CO)C23)C(O)C(O)C1O	C15H22O10	pos_1_1proton1acetonitrile	362.121296904	Terpenoids	Monoterpenoids	Iridoids monoterpenoids	['Verbascum bombyciferum']	['Verbascum bombyciferum']	8	3	9.5	1
15084	345	-1							3.0	0.4298124	ISDB	MRBKEAMVRSLQPH	COc1ccc(O)c(C(C)(C)C)c1	C11H16O2		180.115029752	Shikimates and Phenylpropanoids			['Verbascum bombyciferum']	['Lamiales']	5	0	6.719249606132507	1
15082	343	1	Terpenoids	0.23097112860892388	Monoterpenoids	0.12860892388451445	Iridoids monoterpenoids	0.08661417322834646	1.0	0.0	MS1_match	KVRQGMOSZKPBNS	CC1(OC(=O)C=Cc2ccccc2)CC(O)C2(O)C=COC(OC3OC(CO)C(O)C(O)C3O)C12	C24H30O11	pos_1_1proton1ethylamine	494.17881178	Terpenoids	Monoterpenoids	Iridoids monoterpenoids	['Verbascum bombyciferum']	['Verbascum bombyciferum']	8	3	9.5	1
14905	342	1	Terpenoids	0.23097112860892388	Monoterpenoids	0.12860892388451445	Iridoids monoterpenoids	0.08661417322834646	12.0	0.4993038	ISDB	ZGQPPXFOPXPHJR	CC(=O)c1cc(O)c2c(c1)C=CC(C)(C)O2	C13H14O3		218.094294308	Terpenoids	Meroterpenoids	Merohemiterpenoids	['Verbascum bombyciferum']	['Streptophyta']	4	1	6.497215151786804	1
14898	340	1	Terpenoids	0.23097112860892388	Monoterpenoids	0.12860892388451445	Iridoids monoterpenoids	0.08661417322834646	1.0	0.8549837	ISDB	HDCQSYSGGZTKNK								['Verbascum bombyciferum']		0	0	3.4199347496032715	1
14785	337	1	Terpenoids	0.23097112860892388	Monoterpenoids	0.12860892388451445	Iridoids monoterpenoids	0.08661417322834646	4.0	0.38771477	ISDB	UYGBSRJODQHNLQ	Cc1cc(C=O)cc(C)c1O	C9H10O2		150.06807956	Terpenoids			['Verbascum bombyciferum']	['Lamiales']	5	1	7.050859093666077	1
14744	335	1	Terpenoids	0.23097112860892388	Monoterpenoids	0.12860892388451445	Iridoids monoterpenoids	0.08661417322834646	2.0	0.93689036	ISDB	VPAOSFFTKWUGAD	O=c1ccc2ccc(OC3OC(CO)C(O)C(O)C3O)cc2o1	C15H16O8		324.084517472	Shikimates and Phenylpropanoids	Coumarins	Simple coumarins	['Verbascum bombyciferum']	['Streptophyta']	4	0	7.747561454772949	1
13267	334	-1							4.0	0.6333933	ISDB	QAIPRVGONGVQAS	O=C(O)C=Cc1ccc(O)c(O)c1	C9H8O4		180.042258736	Shikimates and Phenylpropanoids	Phenylpropanoids (C6-C3)	Cinnamic acids and derivatives	['Verbascum bombyciferum']	['Scrophulariaceae']	6	0	8.533573150634766	1
13265	333	1	Terpenoids	0.23097112860892388	Monoterpenoids	0.12860892388451445	Iridoids monoterpenoids	0.08661417322834646	1.0	0.7651459	ISDB	DPTUTXWBBUARQB	O=c1ccc2cccc(O)c2o1	C9H6O3		162.031694052	Shikimates and Phenylpropanoids	Coumarins	Simple coumarins	['Verbascum bombyciferum']	['Streptophyta']	4	0	7.060583591461182	1
13263	328	19	Terpenoids	0.3333333333333333	Monoterpenoids	0.3333333333333333	Iridoids monoterpenoids	0.3333333333333333	1.0	0.0	MS1_match	XUWSHXDEJOOIND	CC1(O)CC(O)C2(O)C=COC(OC3OC(CO)C(O)C(O)C3O)C12	C15H24O10	pos_1_1proton1ethylamine	364.136946968	Terpenoids	Monoterpenoids	Iridoids monoterpenoids	['Verbascum bombyciferum']	['Verbascum bombyciferum']	8	3	9.5	1
13180	324	1	Terpenoids	0.23097112860892388	Monoterpenoids	0.12860892388451445	Iridoids monoterpenoids	0.08661417322834646	1.0	0.8707544	ISDB	YUDPTGPSBJVHCN	Cc1cc(=O)oc2cc(OC3OC(CO)C(O)C(O)C3O)ccc12	C16H18O8		338.100167536	Shikimates and Phenylpropanoids	Coumarins	Simple coumarins	['Verbascum bombyciferum']	['Streptophyta']	4	0	7.483017683029175	1
13177	311	1	Terpenoids	0.23097112860892388	Monoterpenoids	0.12860892388451445	Iridoids monoterpenoids	0.08661417322834646	1.0	0.6877854	ISDB	HPKTZXONMIUNHR	O=C(C=Cc1ccccc1)OCC1OC(OC(=O)C=Cc2ccc(O)cc2)C(O)C(O)C1O	C24H24O9		456.142032348	Shikimates and Phenylpropanoids	Phenylpropanoids (C6-C3)	Cinnamic acids and derivatives	['Verbascum bombyciferum']	['Streptophyta']	4	0	6.751141548156738	1
13173	309	1	Terpenoids	0.23097112860892388	Monoterpenoids	0.12860892388451445	Iridoids monoterpenoids	0.08661417322834646	2.0	0.24102277	ISDB	SBFTZUUHPXPXLH	O=c1ccc2ccc(C3OC(CO)C(O)C(O)C3O)cc2o1	C15H16O7		308.089602852	Shikimates and Phenylpropanoids	Coumarins	Simple coumarins	['Verbascum bombyciferum']	['Streptophyta']	4	0	4.964091062545776	1
13148	308	1	Terpenoids	0.23097112860892388	Monoterpenoids	0.12860892388451445	Iridoids monoterpenoids	0.08661417322834646	1.0	0.7030062	ISDB	ZOJZYAPVVOLQQB	O=C1Cc2ccc(O)cc2N1	C8H7NO2		149.047678464	Alkaloids	Anthranilic acid alkaloids		['Verbascum bombyciferum']	['Streptophyta']	4	0	6.812024831771851	1
13132	304	1	Terpenoids	0.23097112860892388	Monoterpenoids	0.12860892388451445	Iridoids monoterpenoids	0.08661417322834646	6.0	0.58343166	ISDB	GNZWXNKZMHJXNU	CC(=O)C1=NCCCC1	C7H11NO		125.084063972	Alkaloids			['Verbascum bombyciferum']	['Streptophyta']	4	0	6.333726644515991	1
13092	290	1	Terpenoids	0.23097112860892388	Monoterpenoids	0.12860892388451445	Iridoids monoterpenoids	0.08661417322834646	2.0	0.9304987	ISDB	VPAOSFFTKWUGAD	O=c1ccc2ccc(OC3OC(CO)C(O)C(O)C3O)cc2o1	C15H16O8		324.084517472	Shikimates and Phenylpropanoids	Coumarins	Simple coumarins	['Verbascum bombyciferum']	['Streptophyta']	4	0	7.721994876861572	1
13090	289	1	Terpenoids	0.23097112860892388	Monoterpenoids	0.12860892388451445	Iridoids monoterpenoids	0.08661417322834646	1.0	0.85541606	ISDB	HDCQSYSGGZTKNK								['Verbascum bombyciferum']		0	0	3.421664237976074	1
13089	288	1	Terpenoids	0.23097112860892388	Monoterpenoids	0.12860892388451445	Iridoids monoterpenoids	0.08661417322834646	1.0	0.6022333	ISDB	JNEAWAJKXCLSEX	Oc1ccc2c(c1)C=CC(O)(O)O2	C9H8O4		180.042258736	Shikimates and Phenylpropanoids			['Verbascum bombyciferum']	['Streptophyta']	4	0	6.408933162689209	1
11792	287	-1							3.0	0.36838737	ISDB	WKOLLVMJNQIZCI	COc1cc(C(=O)O)ccc1O	C8H8O4		168.042258736	Shikimates and Phenylpropanoids	Phenylpropanoids (C6-C3)	Cinnamic acids and derivatives	['Verbascum bombyciferum']	['Scrophulariaceae']	6	0	7.473549485206604	1
11790	286	1	Terpenoids	0.23097112860892388	Monoterpenoids	0.12860892388451445	Iridoids monoterpenoids	0.08661417322834646	1.0	0.75210977	ISDB	DPTUTXWBBUARQB	O=c1ccc2cccc(O)c2o1	C9H6O3		162.031694052	Shikimates and Phenylpropanoids	Coumarins	Simple coumarins	['Verbascum bombyciferum']	['Streptophyta']	4	0	7.008439064025879	1
11771	285	1	Terpenoids	0.23097112860892388	Monoterpenoids	0.12860892388451445	Iridoids monoterpenoids	0.08661417322834646	4.0	0.3194304	ISDB	SATCULPHIDQDRE	O=Cc1ccc2c(c1)OCO2	C8H6O3		150.031694052	Shikimates and Phenylpropanoids			['Verbascum bombyciferum']	['Lamiales']	5	0	6.277721643447876	1
11668	278	-1							26.0	0.23669453	ISDB	BVNCCXWAZAZQNM	CC(O)C=CC12OC1(C)CC(O)CC2(C)C	C13H22O3		226.156894564	Terpenoids	Apocarotenoids	Megastigmanes	['Verbascum bombyciferum']	['Lamiales']	5	0	5.946778118610382	1
11666	273	1	Terpenoids	0.23097112860892388	Monoterpenoids	0.12860892388451445	Iridoids monoterpenoids	0.08661417322834646	1.0	0.0	MS1_match	LHDWRKICQLTVDL	OCC1OC(OC2OC=CC3C(O)C4OC4(CO)C23)C(O)C(O)C1O	C15H22O10	pos_1_1proton1acetonitrile	362.121296904	Terpenoids	Monoterpenoids	Iridoids monoterpenoids	['Verbascum bombyciferum']	['Verbascum bombyciferum']	8	3	9.5	1
11665	271	1	Terpenoids	0.23097112860892388	Monoterpenoids	0.12860892388451445	Iridoids monoterpenoids	0.08661417322834646	1.0	0.8627667	ISDB	SUDKONPLSLKOPN								['Verbascum bombyciferum']		0	0	3.451066732406616	1
11605	253	1	Terpenoids	0.23097112860892388	Monoterpenoids	0.12860892388451445	Iridoids monoterpenoids	0.08661417322834646	7.0	0.5648372	ISDB	SHZMGEYUEFSGCM	CC1=CC(=O)C2C=COC(OC3OC(CO)C(O)C(O)C3O)C12	C15H20O8		328.1158176	Terpenoids	Monoterpenoids	Iridoids monoterpenoids	['Verbascum bombyciferum']	['Lamiales']	5	3	8.75934886932373	1
11431	252	1	Terpenoids	0.23097112860892388	Monoterpenoids	0.12860892388451445	Iridoids monoterpenoids	0.08661417322834646	12.0	0.5086699	ISDB	WFHXHIBUHFQKJH	O=C(O)C=CC1C=CC(O)=CC1	C9H10O3		166.06299418				['Verbascum bombyciferum']	['Lamiales']	5	0	7.034679651260376	1
11402	243	1	Terpenoids	0.23097112860892388	Monoterpenoids	0.12860892388451445	Iridoids monoterpenoids	0.08661417322834646	3.0	0.34942695	ISDB	BVQOOKUOYKXECX	COC(=O)c1ccc2c(c1)C=CC(C)(C)O2	C13H14O3		218.094294308	Terpenoids	Meroterpenoids	Merohemiterpenoids	['Verbascum bombyciferum']	['Streptophyta']	4	1	5.89770781993866	1
9953	239	1	Terpenoids	0.23097112860892388	Monoterpenoids	0.12860892388451445	Iridoids monoterpenoids	0.08661417322834646	1.0	0.63690037	ISDB	KSEBMYQBYZTDHS	COc1cc(C=CC(=O)O)ccc1O	C10H10O4		194.0579088	Shikimates and Phenylpropanoids	Phenylpropanoids (C6-C3)	Cinnamic acids and derivatives	['Verbascum bombyciferum']	['Scrophulariaceae']	6	0	8.547601461410522	1
9949	235	1	Terpenoids	0.23097112860892388	Monoterpenoids	0.12860892388451445	Iridoids monoterpenoids	0.08661417322834646	2.0	0.3103902	ISDB	GZPGDNHQINDYSK	CC=Cc1c(O)ccc2c1OC(C)(O)C2=O	C12H12O4		220.073558864	Polyketides			['Verbascum bombyciferum']	['Eukaryota']	1	0	2.2415608167648315	1
9899	233	30	Shikimates and Phenylpropanoids	1.0	Chromanes	1.0	Azaphilones	1.0	12.0	0.23659736	ISDB	PFNTZFUZCHVMEE	CCOC(=O)C(O)Cc1ccc(O)c(O)c1	C11H14O5		226.084123548	Shikimates and Phenylpropanoids			['Verbascum bombyciferum']	['Lamiales']	5	1	6.446389436721802	1
9880	232	1	Terpenoids	0.23097112860892388	Monoterpenoids	0.12860892388451445	Iridoids monoterpenoids	0.08661417322834646	1.0	0.8201452	ISDB	OIIJXQMSEYQDDI	Cc1ccc(C)c2c1CCCC2C	C13H18		174.140850576	Terpenoids	Sesquiterpenoids	Cadinane sesquiterpenoids	['Verbascum bombyciferum']	['Streptophyta']	4	1	7.780580759048462	1
9878	229	1	Terpenoids	0.23097112860892388	Monoterpenoids	0.12860892388451445	Iridoids monoterpenoids	0.08661417322834646	1.0	0.0	MS1_match	RJWJHRPNHPHBRN	OCC1=CC(O)C2C=COC(OC3OC(CO)C(O)C(O)C3O)C12	C15H22O9	pos_1_1proton1ethylamine	346.126382284	Terpenoids	Monoterpenoids	Iridoids monoterpenoids	['Verbascum bombyciferum']	['Verbascum bombyciferum']	8	3	9.5	1
9876	216	1	Terpenoids	0.23097112860892388	Monoterpenoids	0.12860892388451445	Iridoids monoterpenoids	0.08661417322834646	1.0	0.0	MS1_match	VELYAQRXBJLJAK	CC1(O)CC(O)C2C=COC(OC3OC(CO)C(O)C(O)C3O)C21	C15H24O9	pos_1_1proton1acetonitrile	348.142032348	Terpenoids	Monoterpenoids	Iridoids monoterpenoids	['Verbascum bombyciferum']	['Verbascum bombyciferum']	8	3	9.5	1
9861	215	1	Terpenoids	0.23097112860892388	Monoterpenoids	0.12860892388451445	Iridoids monoterpenoids	0.08661417322834646	1.0	0.5316777	ISDB	UUEPXFWSBUIUAZ	CC(=O)OCC=Cc1ccc(O)cc1	C11H12O3		192.078644244	Shikimates and Phenylpropanoids	Phenylpropanoids (C6-C3)	Cinnamic acids and derivatives	['Verbascum bombyciferum']	['Streptophyta']	4	0	6.126710891723633	1
9859	192	1	Terpenoids	0.23097112860892388	Monoterpenoids	0.12860892388451445	Iridoids monoterpenoids	0.08661417322834646	1.0	0.24525394	ISDB	XMLQEJGSKUOKGP								['Verbascum bombyciferum']		0	0	0.9810157418251038	1
9807	190	30	Shikimates and Phenylpropanoids	1.0	Chromanes	1.0	Azaphilones	1.0	9.0	0.2521583	ISDB	PFNTZFUZCHVMEE	CCOC(=O)C(O)Cc1ccc(O)c(O)c1	C11H14O5		226.084123548	Shikimates and Phenylpropanoids			['Verbascum bombyciferum']	['Lamiales']	5	1	6.508633255958557	1
9021	189	27	Shikimates and Phenylpropanoids	0.5	Small peptides	0.5	Aminoacids	0.5	1.0	0.48994434	ISDB	QIVBCDIJIAJPQS	NC(Cc1c[nH]c2ccccc12)C(=O)O	C11H12N2O2		204.089877624	Shikimates and Phenylpropanoids	Small peptides	Aminoacids	['Verbascum bombyciferum']	['Scrophulariaceae']	6	3	9.459777355194092	1
8932	181	1	Terpenoids	0.23097112860892388	Monoterpenoids	0.12860892388451445	Iridoids monoterpenoids	0.08661417322834646	1.0	0.79522455	ISDB	YPJWDYIFUBTPCH	COc1cc2occc2cc1CCC(=O)O	C12H12O4		220.073558864	Shikimates and Phenylpropanoids			['Verbascum bombyciferum']	['Streptophyta']	4	0	7.180898189544678	1
8926	178	1	Terpenoids	0.23097112860892388	Monoterpenoids	0.12860892388451445	Iridoids monoterpenoids	0.08661417322834646	1.0	0.0	MS1_match	VELYAQRXBJLJAK	CC1(O)CC(O)C2C=COC(OC3OC(CO)C(O)C(O)C3O)C21	C15H24O9	pos_1_1proton1ammonium	348.142032348	Terpenoids	Monoterpenoids	Iridoids monoterpenoids	['Verbascum bombyciferum']	['Verbascum bombyciferum']	8	3	9.5	1
8924	174	1	Terpenoids	0.23097112860892388	Monoterpenoids	0.12860892388451445	Iridoids monoterpenoids	0.08661417322834646	1.0	0.0	MS1_match	LHDWRKICQLTVDL	OCC1OC(OC2OC=CC3C(O)C4OC4(CO)C23)C(O)C(O)C1O	C15H22O10	pos_1_1proton1ethylamine	362.121296904	Terpenoids	Monoterpenoids	Iridoids monoterpenoids	['Verbascum bombyciferum']	['Verbascum bombyciferum']	8	3	9.5	1
8922	170	1	Terpenoids	0.23097112860892388	Monoterpenoids	0.12860892388451445	Iridoids monoterpenoids	0.08661417322834646	1.0	0.0	MS1_match	RJWJHRPNHPHBRN	OCC1=CC(O)C2C=COC(OC3OC(CO)C(O)C(O)C3O)C12	C15H22O9	pos_1_1proton1ammonium	346.126382284	Terpenoids	Monoterpenoids	Iridoids monoterpenoids	['Verbascum bombyciferum']	['Verbascum bombyciferum']	8	3	9.5	1
8728	169	1	Terpenoids	0.23097112860892388	Monoterpenoids	0.12860892388451445	Iridoids monoterpenoids	0.08661417322834646	8.0	0.70851964	ISDB	WFHXHIBUHFQKJH	O=C(O)C=CC1C=CC(O)=CC1	C9H10O3		166.06299418				['Verbascum bombyciferum']	['Lamiales']	5	0	7.834078550338745	1
8726	168	1	Terpenoids	0.23097112860892388	Monoterpenoids	0.12860892388451445	Iridoids monoterpenoids	0.08661417322834646	1.0	0.0	MS1_match	VELYAQRXBJLJAK	CC1(O)CC(O)C2C=COC(OC3OC(CO)C(O)C(O)C3O)C21	C15H24O9	pos_1_1sodium	348.142032348	Terpenoids	Monoterpenoids	Iridoids monoterpenoids	['Verbascum bombyciferum']	['Verbascum bombyciferum']	8	3	9.5	1
8724	167	1	Terpenoids	0.23097112860892388	Monoterpenoids	0.12860892388451445	Iridoids monoterpenoids	0.08661417322834646	1.0	0.0	MS1_match	VELYAQRXBJLJAK	CC1(O)CC(O)C2C=COC(OC3OC(CO)C(O)C(O)C3O)C21	C15H24O9	pos_1_1proton1ammonium	348.142032348	Terpenoids	Monoterpenoids	Iridoids monoterpenoids	['Verbascum bombyciferum']	['Verbascum bombyciferum']	8	3	9.5	1
8663	166	1	Terpenoids	0.23097112860892388	Monoterpenoids	0.12860892388451445	Iridoids monoterpenoids	0.08661417322834646	7.0	0.38097787	ISDB	SZDUUCCXZRJZRL	CC1=C2C(=O)OCCC2C(O)C1	C9H12O3		168.078644244	Terpenoids	Monoterpenoids	Iridoids monoterpenoids	['Verbascum bombyciferum']	['Verbascum']	7	3	10.023911476135254	1
8549	165	1	Terpenoids	0.23097112860892388	Monoterpenoids	0.12860892388451445	Iridoids monoterpenoids	0.08661417322834646	4.0	0.41513535	ISDB	UYGBSRJODQHNLQ	Cc1cc(C=O)cc(C)c1O	C9H10O2		150.06807956	Terpenoids			['Verbascum bombyciferum']	['Lamiales']	5	1	7.160541415214539	1
8503	163	1	Terpenoids	0.23097112860892388	Monoterpenoids	0.12860892388451445	Iridoids monoterpenoids	0.08661417322834646	12.0	0.46697542	ISDB	DLRJIFUOBPOJNS	CCOc1ccccc1	C8H10O		122.07316494	Shikimates and Phenylpropanoids			['Verbascum bombyciferum']	['Lamiales']	5	0	6.867901682853699	1
8501	153	1	Terpenoids	0.23097112860892388	Monoterpenoids	0.12860892388451445	Iridoids monoterpenoids	0.08661417322834646	1.0	0.0	MS1_match	XUWSHXDEJOOIND	CC1(O)CC(O)C2(O)C=COC(OC3OC(CO)C(O)C(O)C3O)C12	C15H24O10	pos_1_1proton1ammonium	364.136946968	Terpenoids	Monoterpenoids	Iridoids monoterpenoids	['Verbascum bombyciferum']	['Verbascum bombyciferum']	8	3	9.5	1
8440	152	1	Terpenoids	0.23097112860892388	Monoterpenoids	0.12860892388451445	Iridoids monoterpenoids	0.08661417322834646	1.0	0.50707364	ISDB	JSKCJJNYSGWZDU	C=C1C(O)CC2C(C(=O)O)=COC(OC3OC(CO)C(O)C(O)C3O)C12	C16H22O10		374.1212969039999	Terpenoids	Monoterpenoids	Iridoids monoterpenoids	['Verbascum bombyciferum']	['Lamiales']	5	3	8.528294563293457	1
8204	151	1	Terpenoids	0.23097112860892388	Monoterpenoids	0.12860892388451445	Iridoids monoterpenoids	0.08661417322834646	12.0	0.5656387	ISDB	DUAGQYUORDTXOR	C=CC1C2=CCOC(=O)C2=COC1OC1OC(CO)C(O)C(O)C1O	C16H20O9		356.1107322199999	Terpenoids	Monoterpenoids	Secoiridoid monoterpenoids	['Verbascum bombyciferum']	['Lamiales']	5	2	8.26255488395691	1
8109	150	1	Terpenoids	0.23097112860892388	Monoterpenoids	0.12860892388451445	Iridoids monoterpenoids	0.08661417322834646	1.0	0.77503055	ISDB	YUDPTGPSBJVHCN	Cc1cc(=O)oc2cc(OC3OC(CO)C(O)C(O)C3O)ccc12	C16H18O8		338.100167536	Shikimates and Phenylpropanoids	Coumarins	Simple coumarins	['Verbascum bombyciferum']	['Streptophyta']	4	0	7.1001222133636475	1
8105	148	1	Terpenoids	0.23097112860892388	Monoterpenoids	0.12860892388451445	Iridoids monoterpenoids	0.08661417322834646	2.0	0.28555515	ISDB	SLUWJPWHBUWROV	O=C(O)C1=COC(O)C2C(CO)=CCC12	C10H12O5		212.068473484	Terpenoids	Monoterpenoids	Iridoids monoterpenoids	['Verbascum bombyciferum']	['Streptophyta']	4	3	6.642220616340637	1
6754	147	1	Terpenoids	0.23097112860892388	Monoterpenoids	0.12860892388451445	Iridoids monoterpenoids	0.08661417322834646	8.0	0.42181566	ISDB	KSEBMYQBYZTDHS	COc1cc(C=CC(=O)O)ccc1O	C10H10O4		194.0579088	Shikimates and Phenylpropanoids	Phenylpropanoids (C6-C3)	Cinnamic acids and derivatives	['Verbascum bombyciferum']	['Scrophulariaceae']	6	0	7.687262654304504	1
6573	146	1	Terpenoids	0.23097112860892388	Monoterpenoids	0.12860892388451445	Iridoids monoterpenoids	0.08661417322834646	3.0	0.55861926	ISDB	LIIALPBMIOVAHH	COc1ccc2ccc(=O)oc2c1	C10H8O3		176.047344116	Shikimates and Phenylpropanoids	Coumarins	Simple coumarins	['Verbascum bombyciferum']	['Lamiales']	5	0	7.2344770431518555	1
6402	145	1	Terpenoids	0.23097112860892388	Monoterpenoids	0.12860892388451445	Iridoids monoterpenoids	0.08661417322834646	10.0	0.6337928	ISDB	WFHXHIBUHFQKJH	O=C(O)C=CC1C=CC(O)=CC1	C9H10O3		166.06299418				['Verbascum bombyciferum']	['Lamiales']	5	0	7.535171270370483	1
6216	142	-1							1.0	0.77733874	ISDB	HBEDSQVIWPRPAY	c1ccc2c(c1)CCO2	C8H8O		120.057514876	Shikimates and Phenylpropanoids	Isoflavonoids		['Verbascum bombyciferum']	['Lamiales']	5	0	8.109354972839355	1
6214	141	1	Terpenoids	0.23097112860892388	Monoterpenoids	0.12860892388451445	Iridoids monoterpenoids	0.08661417322834646	1.0	0.0	MS1_match	RJWJHRPNHPHBRN	OCC1=CC(O)C2C=COC(OC3OC(CO)C(O)C(O)C3O)C12	C15H22O9	pos_1_1sodium	346.126382284	Terpenoids	Monoterpenoids	Iridoids monoterpenoids	['Verbascum bombyciferum']	['Verbascum bombyciferum']	8	3	9.5	1
6172	140	-1							1.0	0.80151975	ISDB	GHOKWGTUZJEAQD	CC(C)(CO)C(O)C(=O)NCCC(=O)O	C9H17NO5		219.110672644	Amino acids and Peptides	Small peptides	Dipeptides	['Verbascum bombyciferum']	['Streptophyta']	4	0	7.206079006195068	1
6170	137	1	Terpenoids	0.23097112860892388	Monoterpenoids	0.12860892388451445	Iridoids monoterpenoids	0.08661417322834646	1.0	0.0	MS1_match	RJWJHRPNHPHBRN	OCC1=CC(O)C2C=COC(OC3OC(CO)C(O)C(O)C3O)C12	C15H22O9	pos_1_1proton1ammonium	346.126382284	Terpenoids	Monoterpenoids	Iridoids monoterpenoids	['Verbascum bombyciferum']	['Verbascum bombyciferum']	8	3	9.5	1
6158	136	1	Terpenoids	0.23097112860892388	Monoterpenoids	0.12860892388451445	Iridoids monoterpenoids	0.08661417322834646	2.0	0.5308328	ISDB	CFFMLEQRNNOHLH	O=C(C=Cc1ccccc1)OCC1OC(O)C(O)C(O)C1O	C15H18O7		310.105252916	Shikimates and Phenylpropanoids	Phenylpropanoids (C6-C3)	Cinnamic acids and derivatives	['Verbascum bombyciferum']	['Scrophulariaceae']	6	0	8.123331308364868	1
5951	135	1	Terpenoids	0.23097112860892388	Monoterpenoids	0.12860892388451445	Iridoids monoterpenoids	0.08661417322834646	5.0	0.5933846	ISDB	CJBDUOMQLFKVQC	O=C(O)CCc1ccccc1O	C9H10O3		166.06299418	Shikimates and Phenylpropanoids			['Verbascum bombyciferum']	['Lamiales']	5	0	7.373538494110107	1
5791	133	1	Terpenoids	0.23097112860892388	Monoterpenoids	0.12860892388451445	Iridoids monoterpenoids	0.08661417322834646	2.0	0.8245419	ISDB	OVWYEQOVUDKZNU	Cc1cccc(C=O)c1	C8H8O		120.057514876	Terpenoids			['Verbascum bombyciferum']	['Streptophyta']	4	1	7.798167705535889	1
5735	129	1	Terpenoids	0.23097112860892388	Monoterpenoids	0.12860892388451445	Iridoids monoterpenoids	0.08661417322834646	19.0	0.22060135	ISDB	MTVWFVDWRVYDOR	OCC(O)c1ccc(O)c(O)c1	C8H10O4		170.0579088	Alkaloids	Tyrosine alkaloids	Phenylethylamines	['Verbascum bombyciferum']	['Lamiales']	5	0	5.882405400276184	1
5731	125	1	Terpenoids	0.23097112860892388	Monoterpenoids	0.12860892388451445	Iridoids monoterpenoids	0.08661417322834646	1.0	0.0	MS1_match	RJWJHRPNHPHBRN	OCC1=CC(O)C2C=COC(OC3OC(CO)C(O)C(O)C3O)C12	C15H22O9	pos_1_1potassium	346.126382284	Terpenoids	Monoterpenoids	Iridoids monoterpenoids	['Verbascum bombyciferum']	['Verbascum bombyciferum']	8	3	9.5	1
5699	120	1	Terpenoids	0.23097112860892388	Monoterpenoids	0.12860892388451445	Iridoids monoterpenoids	0.08661417322834646	1.0	0.8260259	ISDB	CWLQUGTUXBXTLF	CN1CCCC1C(=O)O	C6H11NO2		129.078978592	Alkaloids	Ornithine alkaloids	Pyrrolidine alkaloids	['Verbascum bombyciferum']	['Streptophyta']	4	0	7.30410361289978	1
4987	110	14	Amino acids and Peptides	0.6666666666666666	Small peptides	0.6666666666666666	Aminoacids	0.6666666666666666	1.0	0.88370717	ISDB	ODKSFYDXXFIFQN	N=C(N)NCCCC(N)C(=O)O	C6H14N4O2		174.111675688	Shikimates and Phenylpropanoids	Small peptides	Aminoacids	['Verbascum bombyciferum']	['Lamiales']	5	3	10.034828662872314	1
4985	108	1	Terpenoids	0.23097112860892388	Monoterpenoids	0.12860892388451445	Iridoids monoterpenoids	0.08661417322834646	1.0	0.0	MS1_match	RJWJHRPNHPHBRN	OCC1=CC(O)C2C=COC(OC3OC(CO)C(O)C(O)C3O)C12	C15H22O9	pos_1_1proton1ethylamine	346.126382284	Terpenoids	Monoterpenoids	Iridoids monoterpenoids	['Verbascum bombyciferum']	['Verbascum bombyciferum']	8	3	9.5	1
4983	105	1	Terpenoids	0.23097112860892388	Monoterpenoids	0.12860892388451445	Iridoids monoterpenoids	0.08661417322834646	1.0	0.0	MS1_match	RJWJHRPNHPHBRN	OCC1=CC(O)C2C=COC(OC3OC(CO)C(O)C(O)C3O)C12	C15H22O9	pos_1_1potassium	346.126382284	Terpenoids	Monoterpenoids	Iridoids monoterpenoids	['Verbascum bombyciferum']	['Verbascum bombyciferum']	8	3	9.5	1
4981	104	1	Terpenoids	0.23097112860892388	Monoterpenoids	0.12860892388451445	Iridoids monoterpenoids	0.08661417322834646	1.0	0.0	MS1_match	RJWJHRPNHPHBRN	OCC1=CC(O)C2C=COC(OC3OC(CO)C(O)C(O)C3O)C12	C15H22O9	pos_1_1sodium	346.126382284	Terpenoids	Monoterpenoids	Iridoids monoterpenoids	['Verbascum bombyciferum']	['Verbascum bombyciferum']	8	3	9.5	1
4979	103	1	Terpenoids	0.23097112860892388	Monoterpenoids	0.12860892388451445	Iridoids monoterpenoids	0.08661417322834646	1.0	0.0	MS1_match	RJWJHRPNHPHBRN	OCC1=CC(O)C2C=COC(OC3OC(CO)C(O)C(O)C3O)C12	C15H22O9	pos_1_1proton1ammonium	346.126382284	Terpenoids	Monoterpenoids	Iridoids monoterpenoids	['Verbascum bombyciferum']	['Verbascum bombyciferum']	8	3	9.5	1
4967	101	1	Terpenoids	0.23097112860892388	Monoterpenoids	0.12860892388451445	Iridoids monoterpenoids	0.08661417322834646	2.0	0.5446426	ISDB	CFFMLEQRNNOHLH	O=C(C=Cc1ccccc1)OCC1OC(O)C(O)C(O)C1O	C15H18O7		310.105252916	Shikimates and Phenylpropanoids	Phenylpropanoids (C6-C3)	Cinnamic acids and derivatives	['Verbascum bombyciferum']	['Scrophulariaceae']	6	0	8.17857050895691	1
4754	100	1	Terpenoids	0.23097112860892388	Monoterpenoids	0.12860892388451445	Iridoids monoterpenoids	0.08661417322834646	7.0	0.6751293	ISDB	CJBDUOMQLFKVQC	O=C(O)CCc1ccccc1O	C9H10O3		166.06299418	Shikimates and Phenylpropanoids			['Verbascum bombyciferum']	['Lamiales']	5	0	7.700517177581787	1
4594	97	1	Terpenoids	0.23097112860892388	Monoterpenoids	0.12860892388451445	Iridoids monoterpenoids	0.08661417322834646	2.0	0.8399023	ISDB	OVWYEQOVUDKZNU	Cc1cccc(C=O)c1	C8H8O		120.057514876	Terpenoids			['Verbascum bombyciferum']	['Streptophyta']	4	1	7.859609127044678	1
4566	91	1	Terpenoids	0.23097112860892388	Monoterpenoids	0.12860892388451445	Iridoids monoterpenoids	0.08661417322834646	1.0	0.0	MS1_match	RJWJHRPNHPHBRN	OCC1=CC(O)C2C=COC(OC3OC(CO)C(O)C(O)C3O)C12	C15H22O9	pos_1_1proton	346.126382284	Terpenoids	Monoterpenoids	Iridoids monoterpenoids	['Verbascum bombyciferum']	['Verbascum bombyciferum']	8	3	9.5	1
4532	90	1	Terpenoids	0.23097112860892388	Monoterpenoids	0.12860892388451445	Iridoids monoterpenoids	0.08661417322834646	4.0	0.6283264	ISDB	SHZMGEYUEFSGCM	CC1=CC(=O)C2C=COC(OC3OC(CO)C(O)C(O)C3O)C12	C15H20O8		328.1158176	Terpenoids	Monoterpenoids	Iridoids monoterpenoids	['Verbascum bombyciferum']	['Lamiales']	5	3	9.0133056640625	1
4519	89	1	Terpenoids	0.23097112860892388	Monoterpenoids	0.12860892388451445	Iridoids monoterpenoids	0.08661417322834646	3.0	0.33233437	ISDB	BWDGXQDVXMUNDT	CC(=O)OC(c1ccccc1)C(O)C1OC(=O)C=CC1O	C15H16O6		292.09468823199995	Shikimates and Phenylpropanoids	Styrylpyrones	Kavalactones and derivatives	['Verbascum bombyciferum']	['Streptophyta']	4	0	5.329337477684021	1
4517	88	1	Terpenoids	0.23097112860892388	Monoterpenoids	0.12860892388451445	Iridoids monoterpenoids	0.08661417322834646	1.0	0.0	MS1_match	XUWSHXDEJOOIND	CC1(O)CC(O)C2(O)C=COC(OC3OC(CO)C(O)C(O)C3O)C12	C15H24O10	pos_1_1proton1ammonium	364.136946968	Terpenoids	Monoterpenoids	Iridoids monoterpenoids	['Verbascum bombyciferum']	['Verbascum bombyciferum']	8	3	9.5	1
4513	84	1	Terpenoids	0.23097112860892388	Monoterpenoids	0.12860892388451445	Iridoids monoterpenoids	0.08661417322834646	1.0	0.0	MS1_match	RJWJHRPNHPHBRN	OCC1=CC(O)C2C=COC(OC3OC(CO)C(O)C(O)C3O)C12	C15H22O9	pos_1_1proton1ammonium	346.126382284	Terpenoids	Monoterpenoids	Iridoids monoterpenoids	['Verbascum bombyciferum']	['Verbascum bombyciferum']	8	3	9.5	1
4315	82	1	Terpenoids	0.23097112860892388	Monoterpenoids	0.12860892388451445	Iridoids monoterpenoids	0.08661417322834646	1.0	0.6318862	ISDB	UYGBSRJODQHNLQ	Cc1cc(C=O)cc(C)c1O	C9H10O2		150.06807956	Terpenoids			['Verbascum bombyciferum']	['Lamiales']	5	1	8.027544736862183	1
3526	76	1	Terpenoids	0.23097112860892388	Monoterpenoids	0.12860892388451445	Iridoids monoterpenoids	0.08661417322834646	1.0	0.80451465	ISDB	OUYCCCASQSFEME	NC(Cc1ccc(O)cc1)C(=O)O	C9H11NO3		181.073893212	Amino acids and Peptides	Small peptides	Aminoacids	['Verbascum bombyciferum']	['Lamiales']	5	0	8.218058586120605	1
3434	75	9	Shikimates and Phenylpropanoids	0.3333333333333333	Small peptides	0.3333333333333333	Polyamines	0.3333333333333333	1.0	0.75068945	ISDB	ATHGHQPFGPMSJY	NCCCCNCCCN	C7H19N3		145.15789760799998	Alkaloids	Ornithine alkaloids	Polyamines	['Verbascum bombyciferum']	['Lamiales']	5	3	9.502757787704468	1
3433	72	-1							1.0	0.46537256	ISDB	MDLTWTOQCHCLSZ	Cc1ncc(COC2OC(CO)C(O)C(O)C2O)c(CO)c1O	C14H21NO8		331.126716632	Alkaloids	Nicotinic acid alkaloids	Pyridine alkaloids	['Verbascum bombyciferum']	['Streptophyta']	4	0	5.861490249633789	1
3398	65	5	Amino acids and Peptides	0.14285714285714285	Small peptides	0.14285714285714285	Aminoacids	0.14285714285714285	2.0	0.34489647	ISDB	ODBLHEXUDAPZAU	O=C(O)CC(C(=O)O)C(O)C(=O)O	C6H8O7		192.027002596	Fatty acids	Fatty Acids and Conjugates	Dicarboxylic acids	['Verbascum bombyciferum']	['Lamiales']	5	0	6.379585862159729	1
3329	64	14	Amino acids and Peptides	0.6666666666666666	Small peptides	0.6666666666666666	Aminoacids	0.6666666666666666	1.0	0.27352643	ISDB	GTZCVFVGUGFEME	O=C(O)C=C(CC(=O)O)C(=O)O	C6H6O6		174.016437912	Fatty acids	Fatty Acids and Conjugates	Dicarboxylic acids	['Verbascum bombyciferum']	['Streptophyta']	4	0	5.0941057205200195	1
3321	58	9	Shikimates and Phenylpropanoids	0.3333333333333333	Small peptides	0.3333333333333333	Polyamines	0.3333333333333333	5.0	0.21705806	ISDB	FMUMEWVNYMUECA	CC(C)CCC(N)C(=O)O	C7H15NO2		145.11027872	Amino acids and Peptides	Small peptides	Aminoacids	['Verbascum bombyciferum']	['Streptophyta']	4	2	5.868232250213623	1
3229	56	9	Shikimates and Phenylpropanoids	0.3333333333333333	Small peptides	0.3333333333333333	Polyamines	0.3333333333333333	1.0	0.49389923	ISDB	ATHGHQPFGPMSJY	NCCCCNCCCN	C7H19N3		145.15789760799998	Alkaloids	Ornithine alkaloids	Polyamines	['Verbascum bombyciferum']	['Lamiales']	5	3	8.475596904754639	1
3228	52	1	Terpenoids	0.23097112860892388	Monoterpenoids	0.12860892388451445	Iridoids monoterpenoids	0.08661417322834646	1.0	0.28508714	ISDB	PJZDEFWGKUGLDC								['Verbascum bombyciferum']		0	0	1.1403485536575317	1
3060	51	1	Terpenoids	0.23097112860892388	Monoterpenoids	0.12860892388451445	Iridoids monoterpenoids	0.08661417322834646	12.0	0.58342826	ISDB	NOEGNKMFWQHSLB	O=Cc1ccc(CO)o1	C6H6O3		126.031694052	Polyketides	Cyclic polyketides	Furans	['Verbascum bombyciferum']	['Scrophulariaceae']	6	0	8.333713054656982	1
1710	44	9	Shikimates and Phenylpropanoids	0.3333333333333333	Small peptides	0.3333333333333333	Polyamines	0.3333333333333333	4.0	0.2769754	ISDB	LRQKBLKVPFOOQJ	CCCCC(N)C(=O)O	C6H13NO2		131.094628656	Amino acids and Peptides	Small peptides	Aminoacids	['Verbascum bombyciferum']	['Lamiales']	5	2	7.107901573181152	1
1557	41	-1							1.0	0.7119639	ISDB	RHGKLRLOHDJJDR	NC(=O)NCCCC(N)C(=O)O	C6H13N3O3		175.095691276	Amino acids and Peptides	Small peptides	Aminoacids	['Verbascum bombyciferum']	['Streptophyta']	4	0	6.847855567932129	1
1214	39	5	Amino acids and Peptides	0.14285714285714285	Small peptides	0.14285714285714285	Aminoacids	0.14285714285714285	1.0	0.89809257	ISDB	ZDXPYRJPNDTMRX	NC(=O)CCC(N)C(=O)O	C5H10N2O3		146.06914218	Amino acids and Peptides	Small peptides	Aminoacids	['Verbascum bombyciferum']	['Lamiales']	5	3	10.09237027168274	1
798	38	1	Terpenoids	0.23097112860892388	Monoterpenoids	0.12860892388451445	Iridoids monoterpenoids	0.08661417322834646	1.0	0.63256335	ISDB	DCXYFEDJOCDNAF	NC(=O)CC(N)C(=O)O	C4H8N2O3		132.053492116	Amino acids and Peptides	Small peptides	Aminoacids	['Verbascum bombyciferum']	['Lamiales']	5	0	7.5302534103393555	1
85	27	14	Amino acids and Peptides	0.6666666666666666	Small peptides	0.6666666666666666	Aminoacids	0.6666666666666666	1.0	0.8744112	ISDB	ODKSFYDXXFIFQN	N=C(N)NCCCC(N)C(=O)O	C6H14N4O2		174.111675688	Amino acids and Peptides	Small peptides	Aminoacids	['Verbascum bombyciferum']	['Lamiales']	5	3	9.997644901275635	1
0	6	1	Terpenoids	0.23097112860892388	Monoterpenoids	0.12860892388451445	Iridoids monoterpenoids	0.08661417322834646	1.0	0.5183504	ISDB	MXNRLFUSFKVQSK	C[N+](C)(C)CCCCC(N)C(=O)O	C9H21N2O2+		189.15975433209	Shikimates and Phenylpropanoids	Small peptides	Aminoacids	['Verbascum bombyciferum']	['Streptophyta']	4	0	6.073401689529419	1
